Мульти-Пульти.,Цветная бумага,167,1427,2021-03-28T06:03:54Z,https://www.wildberries.ru/catalog/19389113/detail.aspx?targetUrl=ST
,,,,,
Ютон,"Набор скетчбуков - раскрасок для детей ""Я стилист"", детский блокнот для рисования и творчества",338,3707,2020-10-03T18:03:50Z,https://www.wildberries.ru/catalog/14552742/detail.aspx?targetUrl=ST
,,,,,
Издательство Стрекоза,Наклейки для творчества,312,8331,2018-07-22T10:07:51.362478563Z,https://www.wildberries.ru/catalog/5812025/detail.aspx?targetUrl=ST
,,,,,
Brauberg,Тетрадь,590,5019,2021-05-20T15:35:26Z,https://www.wildberries.ru/catalog/27017584/detail.aspx?targetUrl=ST
,,,,,
Brauberg,Тетрадь,790,5139,cant click on feedback,https://www.wildberries.ru/catalog/23628690/detail.aspx?targetUrl=ST
,,,,,
Ютон,"Набор скетчбуков - раскрасок для детей ""Я стилист"", детский блокнот для рисования и творчества",338,5081,2020-05-20T18:40:32.224850043Z,https://www.wildberries.ru/catalog/12209703/detail.aspx?targetUrl=ST
,,,,,
Style For You,Тетрадь,294,627,2021-03-07T13:57:37Z,https://www.wildberries.ru/catalog/20928044/detail.aspx?targetUrl=ST
,,,,,
Brauberg,Дневник,390,833,2020-08-29T00:39:09Z,https://www.wildberries.ru/catalog/13442731/detail.aspx?targetUrl=ST
,,,,,
Brauberg,Тетрадь,540,3909,2021-04-23T13:31:52Z,https://www.wildberries.ru/catalog/24820273/detail.aspx?targetUrl=ST
,,,,,
Prof-Press,Дневник,442,5,2021-04-19T14:54:44Z,https://www.wildberries.ru/catalog/23453176/detail.aspx?targetUrl=ST
,,,,,
WAlllEE,Планер,455,951,2021-02-16T10:45:15Z,https://www.wildberries.ru/catalog/18678097/detail.aspx?targetUrl=ST
,,,,,
IF NOT WE,Планер А3,896,530,2020-10-27T05:58:06Z,https://www.wildberries.ru/catalog/12800089/detail.aspx?targetUrl=ST
,,,,,
Деревянный ПАПА,Ежедневник,1404,208,2020-11-11T21:19:34Z,https://www.wildberries.ru/catalog/13974201/detail.aspx?targetUrl=ST
,,,,,
Юнландия,Дневник,490,752,2021-05-21T21:14:06Z,https://www.wildberries.ru/catalog/25078154/detail.aspx?targetUrl=ST
,,,,,
Profit.,Тетрадь,200,431,2021-06-23T16:33:58Z,https://www.wildberries.ru/catalog/26135421/detail.aspx?targetUrl=ST
,,,,,
Wokka Lokka,Блокнот,198,7328,2020-03-16T08:50:48.468784792Z,https://www.wildberries.ru/catalog/10962954/detail.aspx?targetUrl=ST
,,,,,
Правила Успеха,Плакат,442,2961,2019-09-24T08:14:26.363484546Z,https://www.wildberries.ru/catalog/9014281/detail.aspx?targetUrl=ST
,,,,,
Малевичъ,Блокнот,513,4182,2019-06-22T14:31:08.475167001Z,https://www.wildberries.ru/catalog/6946333/detail.aspx?targetUrl=ST
,,,,,
Notta & Belle,Планер А4/Магнитный планер,367,1751,2020-09-17T18:59:02Z,https://www.wildberries.ru/catalog/13575847/detail.aspx?targetUrl=ST
,,,,,
MESHU,Тетрадь,205,171,2021-03-30T05:42:01Z,https://www.wildberries.ru/catalog/20858760/detail.aspx?targetUrl=ST
,,,,,
Brauberg,Тетрадь,293,4438,2021-02-11T13:36:21Z,https://www.wildberries.ru/catalog/17686328/detail.aspx?targetUrl=ST
,,,,,
Art space,Тетрадь,481,832,2020-08-14T18:32:27Z,https://www.wildberries.ru/catalog/12169187/detail.aspx?targetUrl=ST
,,,,,
Brauberg,Тетрадь,490,2802,2021-05-26T12:35:21Z,https://www.wildberries.ru/catalog/27982675/detail.aspx?targetUrl=ST
,,,,,
Brauberg,Тетрадь,344,7276,2020-07-03T05:44:13.543910064Z,https://www.wildberries.ru/catalog/12431273/detail.aspx?targetUrl=ST
,,,,,
Типография ТМТ,Альбом для творчества А3,220,1043,2021-04-02T17:00:02Z,https://www.wildberries.ru/catalog/24638698/detail.aspx?targetUrl=ST
,,,,,
Art space,Дневник,120,1682,2021-06-13T15:15:43Z,https://www.wildberries.ru/catalog/20858690/detail.aspx?targetUrl=ST
,,,,,
Малевичъ,Блокнот,446,3740,2019-01-06T18:30:13.16424942Z,https://www.wildberries.ru/catalog/6737869/detail.aspx?targetUrl=ST
,,,,,
Арх. ЦБК,Тетрадь,210,3398,2020-07-28T07:40:01.592301518Z,https://www.wildberries.ru/catalog/13431910/detail.aspx?targetUrl=ST
,,,,,
ИД ЛИТЕРА,Цветная бумага,134,2732,2020-06-03T16:02:04.675142877Z,https://www.wildberries.ru/catalog/12216092/detail.aspx?targetUrl=ST
,,,,,
Малевичъ,"Альбом для рисования, скетчбук для акварели Nature, 200 г/м, 19х19 см, 20л",420,5724,2019-08-18T17:25:14.61333811Z,https://www.wildberries.ru/catalog/6946346/detail.aspx?targetUrl=ST
,,,,,
Royal Talens,"Скетчбук для зарисовок Talens Art Creation 140г/кв.м 21х29.7см. 80 листов, твердая черная обложка",948,323,2021-01-20T11:46:17Z,https://www.wildberries.ru/catalog/16795679/detail.aspx?targetUrl=ST
,,,,,
PANINI,Наклейки для творчества,701,599,2020-04-13T05:40:49.033082552Z,https://www.wildberries.ru/catalog/11794891/detail.aspx?targetUrl=ST
,,,,,
Grima,Бланк трудовая книжка,257,2130,2021-03-22T06:10:45Z,https://www.wildberries.ru/catalog/17283856/detail.aspx?targetUrl=ST
,,,,,
ИД ЛИТЕРА,Цветная бумага,163,2628,2020-10-16T14:42:30Z,https://www.wildberries.ru/catalog/15367643/detail.aspx?targetUrl=ST
,,,,,
remarklee,Блокнот,1100,251,2020-04-21T14:05:48.758903973Z,https://www.wildberries.ru/catalog/11413596/detail.aspx?targetUrl=ST
,,,,,
Greenwich Line,Тетрадь,495,108,2021-03-04T06:50:12Z,https://www.wildberries.ru/catalog/19389039/detail.aspx?targetUrl=ST
,,,,,
BG,Тетрадь,597,1057,2021-05-31T02:20:01Z,https://www.wildberries.ru/catalog/17056106/detail.aspx?targetUrl=ST
,,,,,
Notta & Belle,Планер прямоугольный/магнитный планинг,267,3193,2020-09-08T09:38:03Z,https://www.wildberries.ru/catalog/13575849/detail.aspx?targetUrl=ST
,,,,,
WAlllEE,Планер магнитная доска//магнитный винил,408,464,2021-03-31T11:03:44Z,https://www.wildberries.ru/catalog/21520899/detail.aspx?targetUrl=ST
,,,,,
NE_BLOKNOT,Книга для записи рецептов,1444,87,2021-02-27T11:26:25Z,https://www.wildberries.ru/catalog/18565640/detail.aspx?targetUrl=ST
,,,,,
Art space,Тетрадь,311,3703,2020-01-20T04:38:35.364140711Z,https://www.wildberries.ru/catalog/10272699/detail.aspx?targetUrl=ST
,,,,,
Oh! My Letter,Конверт бумажный,304,355,2020-10-10T03:47:24Z,https://www.wildberries.ru/catalog/17156436/detail.aspx?targetUrl=ST
,,,,,
Brauberg,Цветная бумага,151,529,2021-05-20T16:44:37Z,https://www.wildberries.ru/catalog/19431350/detail.aspx?targetUrl=ST
,,,,,
Точки Стикеры Бумага,Блокнот,719,190,2021-01-27T21:31:47Z,https://www.wildberries.ru/catalog/17984783/detail.aspx?targetUrl=ST
,,,,,
Бумага ОПТ А4,Бумага для оргтехники А4,1427,495,2021-07-02T11:38:45Z,https://www.wildberries.ru/catalog/33204797/detail.aspx?targetUrl=ST
,,,,,
Brauberg,Тетрадь,299,2740,2021-01-13T13:20:51Z,https://www.wildberries.ru/catalog/17686322/detail.aspx?targetUrl=ST
,,,,,
Profit.,Тетрадь,159,116,2020-10-20T15:57:02Z,https://www.wildberries.ru/catalog/26131840/detail.aspx?targetUrl=ST
,,,,,
Mama Smart,Тетрадь,287,2277,2021-01-26T21:54:03Z,https://www.wildberries.ru/catalog/18481825/detail.aspx?targetUrl=ST
,,,,,
inspire time,Блокнот,743,504,2020-09-08T19:45:39Z,https://www.wildberries.ru/catalog/14673979/detail.aspx?targetUrl=ST
,,,,,
Малевичъ,"Альбом для рисования, скетчбук для графики GrafArt, 150 г/м, 19х19 см, 20л",360,2607,2019-08-19T09:50:48.908862247Z,https://www.wildberries.ru/catalog/8400258/detail.aspx?targetUrl=ST
,,,,,
Greenwich Line,Тетрадь,267,2169,2020-07-08T11:04:45.54544285Z,https://www.wildberries.ru/catalog/12501037/detail.aspx?targetUrl=ST
,,,,,
ForMagicLife,Записная книжка,1102,6859,2020-10-06T14:45:12Z,https://www.wildberries.ru/catalog/15399615/detail.aspx?targetUrl=ST
,,,,,
Малевичъ,Бумага художественная,390,869,2020-04-22T13:15:43.231788378Z,https://www.wildberries.ru/catalog/11202932/detail.aspx?targetUrl=ST
,,,,,
ErichKrause,Сменный блок для тетради,108,2764,2020-10-24T15:21:56Z,https://www.wildberries.ru/catalog/13951623/detail.aspx?targetUrl=ST
,,,,,
Art space,Тетрадь,362,305,2021-03-23T16:44:46Z,https://www.wildberries.ru/catalog/17787696/detail.aspx?targetUrl=ST
,,,,,
White Box,Календарь,100,829,2020-12-14T19:17:57Z,https://www.wildberries.ru/catalog/15584018/detail.aspx?targetUrl=ST
,,,,,
Oh! My Letter,Конверт бумажный,286,355,2020-10-10T03:47:24Z,https://www.wildberries.ru/catalog/15354848/detail.aspx?targetUrl=ST
,,,,,
Royal Talens,"Скетчбук для зарисовок Talens Art Creation 140г/кв.м 13х21см. 80 листов, твердая красная обложка",543,309,2021-01-02T09:59:51Z,https://www.wildberries.ru/catalog/17190568/detail.aspx?targetUrl=ST
,,,,,
Prof-Press,Тетрадь,202,280,2020-08-11T06:58:16Z,https://www.wildberries.ru/catalog/13087112/detail.aspx?targetUrl=ST
,,,,,
ИД ЛИТЕРА,Цветная бумага,160,18300,2018-08-07T11:16:08.585944613Z,https://www.wildberries.ru/catalog/5260084/detail.aspx?targetUrl=ST
,,,,,
Gift Development,Плакат,465,691,2020-04-25T11:30:41.025461207Z,https://www.wildberries.ru/catalog/11765839/detail.aspx?targetUrl=ST
,,,,,
Малевичъ,"Альбом для рисования, скетчбук для акварели Veroneze, 200 г/м, 15х20 см, 50л",1025,522,2020-01-02T11:01:12.506176044Z,https://www.wildberries.ru/catalog/9666920/detail.aspx?targetUrl=ST
,,,,,
Малевичъ,Бумага художественная,758,1814,2020-05-28T15:57:45.685188374Z,https://www.wildberries.ru/catalog/12515197/detail.aspx?targetUrl=ST
,,,,,
Малевичъ,Альбом для творчества спираль,850,404,2020-10-14T20:55:33Z,https://www.wildberries.ru/catalog/15601828/detail.aspx?targetUrl=ST
,,,,,
1A,Блокнот,600,217,2021-03-03T11:25:53Z,https://www.wildberries.ru/catalog/18829846/detail.aspx?targetUrl=ST
,,,,,
Lagenda,Календарь,729,689,2020-10-27T20:28:27Z,https://www.wildberries.ru/catalog/15797201/detail.aspx?targetUrl=ST
,,,,,
Арх. ЦБК,Тетрадь,162,2766,2020-07-31T16:05:02.150224697Z,https://www.wildberries.ru/catalog/13431905/detail.aspx?targetUrl=ST
,,,,,
Стикит,Наклейки для творчества,392,1929,2021-03-25T20:10:37Z,https://www.wildberries.ru/catalog/28931578/detail.aspx?targetUrl=ST
,,,,,
Стикит,Наклейки для творчества,320,101,2021-06-20T12:48:18Z,https://www.wildberries.ru/catalog/29209712/detail.aspx?targetUrl=ST
,,,,,
Умкина Берлога,Стикеры,1493,1141,2019-07-18T05:36:39.381865927Z,https://www.wildberries.ru/catalog/8249707/detail.aspx?targetUrl=ST
,,,,,
Юнландия,Дневник,261,345,2021-04-21T05:21:50Z,https://www.wildberries.ru/catalog/25078143/detail.aspx?targetUrl=ST
,,,,,
Умкина Берлога,Альбом для творчества пружина,192,243,2020-09-27T08:38:49Z,https://www.wildberries.ru/catalog/15051512/detail.aspx?targetUrl=ST
,,,,,
Royal Talens,"Скетчбук для зарисовок Talens Art Creation 140г/кв.м 12х12см. 80 листов, твердая розовая обложка",330,407,2020-12-22T17:03:34Z,https://www.wildberries.ru/catalog/17190570/detail.aspx?targetUrl=ST
,,,,,
Малевичъ,Альбом для творчества А6/спираль,250,1834,2020-04-24T18:06:12.215820385Z,https://www.wildberries.ru/catalog/10087991/detail.aspx?targetUrl=ST
,,,,,
Profit.,Тетрадь,169,636,2021-06-11T12:09:08Z,https://www.wildberries.ru/catalog/14035234/detail.aspx?targetUrl=ST
,,,,,
Brauberg,Бумага художественная,208,5043,2021-03-25T21:19:57Z,https://www.wildberries.ru/catalog/16750739/detail.aspx?targetUrl=ST
,,,,,
Brauberg,Тетрадь,363,1792,2021-05-01T07:29:20Z,https://www.wildberries.ru/catalog/23628689/detail.aspx?targetUrl=ST
,,,,,
NikaRina,Наклейки для творчества,155,469,2021-05-14T17:43:31Z,https://www.wildberries.ru/catalog/25875798/detail.aspx?targetUrl=ST
,,,,,
ErichKrause,Тетрадь,377,2404,2019-11-21T14:44:43.715032381Z,https://www.wildberries.ru/catalog/9070146/detail.aspx?targetUrl=ST
,,,,,
Малевичъ,"Альбом для рисования, скетчбук для акварели Veroneze, 200 г/м, 15х20 см, 50л",1025,522,2020-01-02T11:01:12.506176044Z,https://www.wildberries.ru/catalog/9666923/detail.aspx?targetUrl=ST
,,,,,
Art space,Тетрадь,267,2339,2020-01-12T13:00:45.381173899Z,https://www.wildberries.ru/catalog/10272693/detail.aspx?targetUrl=ST
,,,,,
Brauberg,Бумага художественная,188,119,2021-06-22T20:46:42Z,https://www.wildberries.ru/catalog/27016602/detail.aspx?targetUrl=ST
,,,,,
Lagenda,Календарь,769,557,2020-11-13T06:37:51Z,https://www.wildberries.ru/catalog/15797203/detail.aspx?targetUrl=ST
,,,,,
Prof-Press,Дневник,195,179,2021-05-25T02:46:32Z,https://www.wildberries.ru/catalog/23860409/detail.aspx?targetUrl=ST
,,,,,
Empire Of Toys,Плакат,594,480,2021-03-30T11:20:09Z,https://www.wildberries.ru/catalog/23439356/detail.aspx?targetUrl=ST
,,,,,
Art space,Тетрадь,268,777,2019-12-08T16:18:28.139002982Z,https://www.wildberries.ru/catalog/8774719/detail.aspx?targetUrl=ST
,,,,,
Prof-Press,Дневник,370,194,2021-06-22T17:35:51Z,https://www.wildberries.ru/catalog/26559007/detail.aspx?targetUrl=ST
,,,,,
Выручалкин,Планер А5,341,3433,2020-10-25T13:38:21Z,https://www.wildberries.ru/catalog/15827887/detail.aspx?targetUrl=ST
,,,,,
STAFF,Стикеры,96,323,2021-04-23T11:43:46Z,https://www.wildberries.ru/catalog/18678754/detail.aspx?targetUrl=ST
,,,,,
Royal Talens,"Скетчбук для зарисовок Talens Art Creation 140г/кв.м 21х30см. 80 листов, твердая желтая обложка",948,174,2020-12-29T13:32:51Z,https://www.wildberries.ru/catalog/17190573/detail.aspx?targetUrl=ST
,,,,,
Sveto Copy,Бумага для оргтехники А4,500,3785,2020-06-19T08:45:07.619704118Z,https://www.wildberries.ru/catalog/9872388/detail.aspx?targetUrl=ST
,,,,,
ЖИВИ ЯРКО,Блокнот,189,440,2020-04-21T21:50:52.229301585Z,https://www.wildberries.ru/catalog/11622341/detail.aspx?targetUrl=ST
,,,,,
Oh! My Letter,Конверт бумажный,300,285,2020-10-17T09:08:15Z,https://www.wildberries.ru/catalog/17156437/detail.aspx?targetUrl=ST
,,,,,
Hatber,Тетрадь,101,159,2019-11-22T14:24:10.939765426Z,https://www.wildberries.ru/catalog/9780094/detail.aspx?targetUrl=ST
,,,,,
Умкина Берлога,Наклейки для творчества,350,1480,2020-07-23T21:33:31.612836421Z,https://www.wildberries.ru/catalog/21007196/detail.aspx?targetUrl=ST
,,,,,
Союзмультфильм,Цветная бумага,136,8988,2019-07-06T11:20:53.359588003Z,https://www.wildberries.ru/catalog/7677084/detail.aspx?targetUrl=ST
,,,,,
Lagenda,Календарь,729,532,2020-10-27T19:50:32Z,https://www.wildberries.ru/catalog/15797200/detail.aspx?targetUrl=ST
,,,,,
Brauberg,Ежедневник,372,503,2020-12-11T17:56:56Z,https://www.wildberries.ru/catalog/15061269/detail.aspx?targetUrl=ST
,,,,,
Prof-Press,Дневник,516,26,2021-04-19T10:41:47Z,https://www.wildberries.ru/catalog/23630788/detail.aspx?targetUrl=ST
,,,,,
Gift Development,Карта географическая,820,1783,2019-04-04T13:48:42.987834763Z,https://www.wildberries.ru/catalog/6639173/detail.aspx?targetUrl=ST
,,,,,
Globen,Карта географическая,792,3243,2020-05-16T14:15:14.564439031Z,https://www.wildberries.ru/catalog/12239761/detail.aspx?targetUrl=ST
,,,,,
Атлас принт,Карта географическая 1:22000000,848,281,2020-12-08T13:48:11Z,https://www.wildberries.ru/catalog/13471788/detail.aspx?targetUrl=ST
,,,,,
Globen,Глобус,632,5756,2018-11-23T11:40:42.784032549Z,https://www.wildberries.ru/catalog/6581539/detail.aspx?targetUrl=ST
,,,,,
Globen,Глобус,1372,400,2021-02-21T10:53:30Z,https://www.wildberries.ru/catalog/12767518/detail.aspx?targetUrl=ST
,,,,,
Globen,Глобус,1423,4304,2019-04-16T19:27:17.528073112Z,https://www.wildberries.ru/catalog/7720084/detail.aspx?targetUrl=ST
,,,,,
Globen,Глобус,1170,1213,2019-10-26T14:06:37.579582265Z,https://www.wildberries.ru/catalog/9601979/detail.aspx?targetUrl=ST
,,,,,
БОТАНИК,Карта географическая Географическая/интерактивная,366,43,2021-07-27T15:45:50Z,https://www.wildberries.ru/catalog/34721046/detail.aspx?targetUrl=ST
,,,,,
Globen,Глобус,1147,2600,2019-05-18T12:25:22.910793978Z,https://www.wildberries.ru/catalog/7779122/detail.aspx?targetUrl=ST
,,,,,
Magicstyle,Карта географическая 1:700,528,138,2021-02-23T15:32:17Z,https://www.wildberries.ru/catalog/17281997/detail.aspx?targetUrl=ST
,,,,,
Атлас принт,Карта географическая,800,15,no feedbacks,https://www.wildberries.ru/catalog/25743710/detail.aspx?targetUrl=ST
,,,,,
Глобусный Мир,Глобус,817,377,2020-05-23T19:37:07.607729459Z,https://www.wildberries.ru/catalog/12292976/detail.aspx?targetUrl=ST
,,,,,
Globen,Глобус,1260,409,2020-07-11T10:46:49.43455151Z,https://www.wildberries.ru/catalog/12767523/detail.aspx?targetUrl=ST
,,,,,
Globen,Глобус,960,535,2020-05-21T19:24:53.325801108Z,https://www.wildberries.ru/catalog/12298044/detail.aspx?targetUrl=ST
,,,,,
Globen,Глобус,926,1847,2019-04-26T17:32:10.454036985Z,https://www.wildberries.ru/catalog/7779119/detail.aspx?targetUrl=ST
,,,,,
Brauberg,Карта географическая физическая,362,91,2021-07-10T07:46:45Z,https://www.wildberries.ru/catalog/30125529/detail.aspx?targetUrl=ST
,,,,,
Globen,Глобус,954,4885,2018-11-23T19:27:00.298026039Z,https://www.wildberries.ru/catalog/6581265/detail.aspx?targetUrl=ST
,,,,,
Brauberg,Карта географическая Политико-административная,362,135,2021-06-25T10:28:40Z,https://www.wildberries.ru/catalog/30125533/detail.aspx?targetUrl=ST
,,,,,
Globen,Глобус,1350,1076,2020-04-15T12:18:33.863229988Z,https://www.wildberries.ru/catalog/11507332/detail.aspx?targetUrl=ST
,,,,,
Globen,Глобус,882,560,2020-03-28T15:55:03.572192318Z,https://www.wildberries.ru/catalog/11507333/detail.aspx?targetUrl=ST
,,,,,
Атлас принт,Карта географическая 1:34000000,332,938,2020-11-20T13:07:23Z,https://www.wildberries.ru/catalog/15652324/detail.aspx?targetUrl=ST
,,,,,
Brauberg,Карта географическая настенная/физическая/интерактивная/Настенная/1:29 000 000,288,114,2021-07-29T08:19:03Z,https://www.wildberries.ru/catalog/30145432/detail.aspx?targetUrl=ST
,,,,,
ГЕОДОМ,Карта географическая,386,1473,2019-08-03T16:29:42.398280153Z,https://www.wildberries.ru/catalog/7826551/detail.aspx?targetUrl=ST
,,,,,
Brauberg,Карта географическая настенная/интерактивная/Настенная/Политико-административная/1 : 8 500 000,240,109,2021-07-13T07:54:42Z,https://www.wildberries.ru/catalog/30145424/detail.aspx?targetUrl=ST
,,,,,
РУЗ Ко,Карта географическая,424,2997,2020-07-23T07:05:05.618224522Z,https://www.wildberries.ru/catalog/13219480/detail.aspx?targetUrl=ST
,,,,,
Jango,Карта географическая Ламинированная/политическая/интерактивная/Карты мира/1:32,416,387,2021-03-16T04:54:25Z,https://www.wildberries.ru/catalog/20983296/detail.aspx?targetUrl=ST
,,,,,
Атлас принт,Карта географическая 1:22000000,848,372,2020-12-10T15:27:27Z,https://www.wildberries.ru/catalog/13471787/detail.aspx?targetUrl=ST
,,,,,
Globen,Глобус,1378,290,2020-07-16T15:28:22.126081564Z,https://www.wildberries.ru/catalog/12767520/detail.aspx?targetUrl=ST
,,,,,
Globen,Карта географическая,459,4910,2019-12-01T11:18:39.080477085Z,https://www.wildberries.ru/catalog/9877890/detail.aspx?targetUrl=ST
,,,,,
Globen,Глобус,906,174,2020-08-08T20:21:47Z,https://www.wildberries.ru/catalog/12767542/detail.aspx?targetUrl=ST
,,,,,
РУЗ Ко,Карта географическая,349,6001,2019-12-30T05:14:31.971888594Z,https://www.wildberries.ru/catalog/10380538/detail.aspx?targetUrl=ST
,,,,,
Globen,Глобус,1423,678,2020-07-05T10:33:17.860795974Z,https://www.wildberries.ru/catalog/12767519/detail.aspx?targetUrl=ST
,,,,,
Globen,Глобус,1350,903,2020-04-12T18:15:29.978430937Z,https://www.wildberries.ru/catalog/11507331/detail.aspx?targetUrl=ST
,,,,,
Globen,Глобус,1121,576,2021-02-01T11:58:28Z,https://www.wildberries.ru/catalog/18617302/detail.aspx?targetUrl=ST
,,,,,
Globen,Карта географическая,384,98,2019-06-16T10:32:46.57275371Z,https://www.wildberries.ru/catalog/8115960/detail.aspx?targetUrl=ST
,,,,,
Globen,Глобус,1267,927,2019-11-13T14:11:05.550436458Z,https://www.wildberries.ru/catalog/9698879/detail.aspx?targetUrl=ST
,,,,,
Brauberg,Карта географическая политическая,362,66,2021-07-13T20:05:25Z,https://www.wildberries.ru/catalog/30125532/detail.aspx?targetUrl=ST
,,,,,
ГЕОДОМ,Карта географическая,505,418,2021-02-25T13:24:57Z,https://www.wildberries.ru/catalog/17702177/detail.aspx?targetUrl=ST
,,,,,
Jango,Карта географическая Ламинированная/карта с животными/1:32,416,91,2021-03-22T19:29:55Z,https://www.wildberries.ru/catalog/20986204/detail.aspx?targetUrl=ST
,,,,,
РУЗ Ко,Карта географическая,485,53,2021-01-14T07:19:29Z,https://www.wildberries.ru/catalog/10417940/detail.aspx?targetUrl=ST
,,,,,
Truemap,Карта географическая на стену,396,1740,2019-10-04T12:14:47.080243434Z,https://www.wildberries.ru/catalog/9002448/detail.aspx?targetUrl=ST
,,,,,
Grima,Глобус,259,158,2021-03-28T07:51:25Z,https://www.wildberries.ru/catalog/18702814/detail.aspx?targetUrl=ST
,,,,,
Jeronim,Карта географическая,450,20,2021-07-06T16:33:04Z,https://www.wildberries.ru/catalog/33206740/detail.aspx?targetUrl=ST
,,,,,
Атлас принт,Карта географическая,805,13,no feedbacks,https://www.wildberries.ru/catalog/25744979/detail.aspx?targetUrl=ST
,,,,,
Globen,Глобус,1209,585,2020-05-19T15:52:37.958953839Z,https://www.wildberries.ru/catalog/12245792/detail.aspx?targetUrl=ST
,,,,,
Globen,Глобус,1265,74,2021-04-18T11:23:07Z,https://www.wildberries.ru/catalog/12767552/detail.aspx?targetUrl=ST
,,,,,
Глобусный Мир,Глобус,1336,65,2020-08-22T14:49:32Z,https://www.wildberries.ru/catalog/12292991/detail.aspx?targetUrl=ST
,,,,,
Globen,Глобус,1121,47,2020-09-01T04:38:18Z,https://www.wildberries.ru/catalog/12767545/detail.aspx?targetUrl=ST
,,,,,
ДиЭмБи,Глобус,351,712,2020-04-17T13:11:30.597073702Z,https://www.wildberries.ru/catalog/10867984/detail.aspx?targetUrl=ST
,,,,,
Globen,Глобус,750,658,2019-09-04T14:40:03.721964986Z,https://www.wildberries.ru/catalog/6581542/detail.aspx?targetUrl=ST
,,,,,
Глобусный Мир,Глобус,549,22,no feedbacks,https://www.wildberries.ru/catalog/19464669/detail.aspx?targetUrl=ST
,,,,,
Атлас принт,Карта географическая 1:280000,698,86,2021-04-26T10:09:16Z,https://www.wildberries.ru/catalog/13471808/detail.aspx?targetUrl=ST
,,,,,
Globen,Карта географическая,704,854,2020-08-10T04:36:12Z,https://www.wildberries.ru/catalog/12239762/detail.aspx?targetUrl=ST
,,,,,
Globen,Глобус,646,162,2020-09-17T09:59:59Z,https://www.wildberries.ru/catalog/12783514/detail.aspx?targetUrl=ST
,,,,,
Глобусный Мир,Глобус,1321,292,2020-05-14T16:19:06.792768085Z,https://www.wildberries.ru/catalog/11979958/detail.aspx?targetUrl=ST
,,,,,
Globen,Глобус,1102,750,2020-03-21T13:25:59.935195711Z,https://www.wildberries.ru/catalog/11507330/detail.aspx?targetUrl=ST
,,,,,
Globen,Глобус,1096,261,2020-05-29T13:28:54.046455614Z,https://www.wildberries.ru/catalog/12245791/detail.aspx?targetUrl=ST
,,,,,
Глобусный Мир,Глобус,569,48,2021-06-24T17:49:51Z,https://www.wildberries.ru/catalog/19464675/detail.aspx?targetUrl=ST
,,,,,
ГЕОДОМ,Карта географическая,386,2623,2019-05-29T14:18:48.527503336Z,https://www.wildberries.ru/catalog/7826555/detail.aspx?targetUrl=ST
,,,,,
Глобусный Мир,Глобус,1285,84,2020-06-08T18:11:38.934800251Z,https://www.wildberries.ru/catalog/12292981/detail.aspx?targetUrl=ST
,,,,,
Globen,Глобус,900,169,2020-08-17T19:02:58Z,https://www.wildberries.ru/catalog/12767550/detail.aspx?targetUrl=ST
,,,,,
ГЕОДОМ,Карта географическая,466,51,2021-03-03T04:02:20Z,https://www.wildberries.ru/catalog/17694927/detail.aspx?targetUrl=ST
,,,,,
Globen,Глобус,952,42,2021-05-20T02:16:22Z,https://www.wildberries.ru/catalog/21020521/detail.aspx?targetUrl=ST
,,,,,
Globen,Глобус,1096,535,2019-01-26T15:01:27.609654678Z,https://www.wildberries.ru/catalog/6925303/detail.aspx?targetUrl=ST
,,,,,
РУЗ Ко,Карта географическая,727,223,2020-02-06T17:18:46.777501777Z,https://www.wildberries.ru/catalog/10417934/detail.aspx?targetUrl=ST
,,,,,
Globen,Карта географическая,408,2421,2019-12-03T01:25:05.889588457Z,https://www.wildberries.ru/catalog/9877891/detail.aspx?targetUrl=ST
,,,,,
Brauberg,Карта географическая Настенная/1:47 000 000,253,5,no feedbacks,https://www.wildberries.ru/catalog/33612146/detail.aspx?targetUrl=ST
,,,,,
3А,Глобус,263,744,2020-11-04T12:21:12Z,https://www.wildberries.ru/catalog/15380460/detail.aspx?targetUrl=ST
,,,,,
Атлас принт,Карта географическая 1:8800000,222,105,2021-05-05T18:11:38Z,https://www.wildberries.ru/catalog/13471793/detail.aspx?targetUrl=ST
,,,,,
Глобусный Мир,Глобус,1377,5,no feedbacks,https://www.wildberries.ru/catalog/19464684/detail.aspx?targetUrl=ST
,,,,,
ГЕОДОМ,Карта географическая,466,229,2021-02-19T07:21:03Z,https://www.wildberries.ru/catalog/17699561/detail.aspx?targetUrl=ST
,,,,,
Косой переулок,Карта географическая настольная/карта мародеров/Гкорграфическая,383,15,2021-07-26T06:39:08Z,https://www.wildberries.ru/catalog/34452945/detail.aspx?targetUrl=ST
,,,,,
Globen,Глобус,760,37,2020-09-09T19:09:38Z,https://www.wildberries.ru/catalog/12767559/detail.aspx?targetUrl=ST
,,,,,
dmb,Карта географическая настенная/в школу/политическая,476,14,2021-07-21T06:29:10Z,https://www.wildberries.ru/catalog/27572864/detail.aspx?targetUrl=ST
,,,,,
Глобусный Мир,Глобус,839,231,2020-04-29T11:55:29.97026903Z,https://www.wildberries.ru/catalog/11086785/detail.aspx?targetUrl=ST
,,,,,
Globen,Глобус,1059,7,2021-07-04T14:49:07Z,https://www.wildberries.ru/catalog/31415281/detail.aspx?targetUrl=ST
,,,,,
dmb,Карта географическая настенная/в школу/политическая/1:30000000,375,12,2021-07-23T11:22:18Z,https://www.wildberries.ru/catalog/27572863/detail.aspx?targetUrl=ST
,,,,,
РУЗ Ко,Карта географическая,727,163,2020-04-19T17:24:11.146317091Z,https://www.wildberries.ru/catalog/10417941/detail.aspx?targetUrl=ST
,,,,,
Атлас принт,Карта географическая настенная/1:50 тыс,558,8,no feedbacks,https://www.wildberries.ru/catalog/33324314/detail.aspx?targetUrl=ST
,,,,,
Globen,Карта географическая,459,792,2019-12-13T14:58:21.64566141Z,https://www.wildberries.ru/catalog/8115958/detail.aspx?targetUrl=ST
,,,,,
Атлас принт,Карта географическая 1:22000000,1479,32,2021-04-12T12:08:05Z,https://www.wildberries.ru/catalog/17256781/detail.aspx?targetUrl=ST
,,,,,
RIGERHAUS,Карта географическая настенная/Настенная,416,39,2021-05-14T03:50:04Z,https://www.wildberries.ru/catalog/25699230/detail.aspx?targetUrl=ST
,,,,,
РУЗ Ко,Карта географическая интерьерная/Географическая/На фольге/политическая/Подарочная/Интерьерная/Оригинальная,475,9,2021-05-15T17:51:08Z,https://www.wildberries.ru/catalog/26302202/detail.aspx?targetUrl=ST
,,,,,
ГЕОДОМ,Карта географическая,395,1325,2019-06-23T13:01:53.253683768Z,https://www.wildberries.ru/catalog/7826550/detail.aspx?targetUrl=ST
,,,,,
ДиЭмБи,Глобус,490,27,2021-07-29T03:47:41Z,https://www.wildberries.ru/catalog/26920107/detail.aspx?targetUrl=ST
,,,,,
Глобусный Мир,Глобус,792,352,2020-05-21T11:18:22.499015107Z,https://www.wildberries.ru/catalog/12292983/detail.aspx?targetUrl=ST
,,,,,
Атлас принт,Карта географическая 1:55000000,698,53,2021-07-03T16:14:24Z,https://www.wildberries.ru/catalog/13471797/detail.aspx?targetUrl=ST
,,,,,
РУЗ Ко,Карта географическая,727,235,2019-12-14T11:43:24.139187008Z,https://www.wildberries.ru/catalog/9829549/detail.aspx?targetUrl=ST
,,,,,
Глобусный Мир,Глобус,880,42,2021-05-01T16:25:03Z,https://www.wildberries.ru/catalog/22465209/detail.aspx?targetUrl=ST
,,,,,
Карта ТД,Карта географическая 1:35000000,331,78,2021-05-24T08:11:23Z,https://www.wildberries.ru/catalog/13471810/detail.aspx?targetUrl=ST
,,,,,
Глобусный Мир,Глобус,1354,122,2020-05-26T07:44:34.745082174Z,https://www.wildberries.ru/catalog/11979961/detail.aspx?targetUrl=ST
,,,,,
ГЕОДОМ,Карта географическая,466,66,2021-04-13T03:58:53Z,https://www.wildberries.ru/catalog/17699338/detail.aspx?targetUrl=ST
,,,,,
ГЕОДОМ,Карта географическая на стену,776,55,2021-03-06T14:56:20Z,https://www.wildberries.ru/catalog/17701976/detail.aspx?targetUrl=ST
,,,,,
Globen,Глобус,1152,16,no feedbacks,https://www.wildberries.ru/catalog/21020523/detail.aspx?targetUrl=ST
,,,,,
РУЗ Ко,Карта географическая,709,57,2021-04-05T17:56:48Z,https://www.wildberries.ru/catalog/10994511/detail.aspx?targetUrl=ST
,,,,,
РУЗ Ко,Карта географическая,767,147,2020-10-10T13:06:13Z,https://www.wildberries.ru/catalog/10994509/detail.aspx?targetUrl=ST
,,,,,
Атлас принт,Карта географическая,805,4,no feedbacks,https://www.wildberries.ru/catalog/25745010/detail.aspx?targetUrl=ST
,,,,,
РУЗ Ко,Карта географическая,265,487,2020-01-02T16:57:00.264318196Z,https://www.wildberries.ru/catalog/9829533/detail.aspx?targetUrl=ST
,,,,,
Глобусный Мир,Глобус,684,94,2021-03-29T16:51:12Z,https://www.wildberries.ru/catalog/12292984/detail.aspx?targetUrl=ST
Brauberg,Этикетка 2400 шт., 774,1363,cant click on feedback,https://www.wildberries.ru/catalog/10534047/detail.aspx?targetUrl=ST

Brauberg,Этикетка 2400 шт., 774,1363,2020-08-01T02:32:36.024977841Z,https://www.wildberries.ru/catalog/10534047/detail.aspx?targetUrl=ST

Office Kit,Пленка для ламинирования, 600,317,2021-06-24T10:27:11Z,https://www.wildberries.ru/catalog/29425434/detail.aspx?targetUrl=ST

Berlingo,Папка канцелярская, 363,276,2021-03-15T09:06:51Z,https://www.wildberries.ru/catalog/19389009/detail.aspx?targetUrl=ST

Момент,Клей, 180,1918,2020-11-06T10:27:57Z,https://www.wildberries.ru/catalog/15446271/detail.aspx?targetUrl=ST

Velar,Подставка канцелярская, 432,383,2021-05-12T10:33:48Z,https://www.wildberries.ru/catalog/21073712/detail.aspx?targetUrl=ST

ДПСКАНЦ,Обложка для книги, 178,24304,2020-11-10T09:32:51Z,https://www.wildberries.ru/catalog/12983324/detail.aspx?targetUrl=ST

Пифагор,Обложка для книги, 146,16185,2020-07-25T10:29:17.0290663Z,https://www.wildberries.ru/catalog/13150074/detail.aspx?targetUrl=ST

Фрегат,Клейкая лента, 398,14598,2021-01-06T15:40:56Z,https://www.wildberries.ru/catalog/17533653/detail.aspx?targetUrl=ST

Brauberg,Пленка для ламинирования, 621,23298,2020-05-18T16:14:50.571107746Z,https://www.wildberries.ru/catalog/10405388/detail.aspx?targetUrl=ST

House.Kitchen.Garden,Клейкая лента, 380,401,2021-04-22T07:11:40Z,https://www.wildberries.ru/catalog/22168349/detail.aspx?targetUrl=ST

BAROUGE,Этикетка 36 шт., 193,1141,2020-08-06T07:23:49Z,https://www.wildberries.ru/catalog/12548425/detail.aspx?targetUrl=ST

Velar,Подставка канцелярская, 432,228,2021-04-22T00:15:21Z,https://www.wildberries.ru/catalog/20869131/detail.aspx?targetUrl=ST

CASIO,Калькулятор, 810,268,2020-12-12T12:16:58Z,https://www.wildberries.ru/catalog/16828692/detail.aspx?targetUrl=ST

VideoMart,Клейкая лента, 184,1076,2020-11-25T18:57:45Z,https://www.wildberries.ru/catalog/16689937/detail.aspx?targetUrl=ST

BAROUGE,Этикетка 36 шт., 193,1001,2020-07-18T14:48:56.005080845Z,https://www.wildberries.ru/catalog/12548426/detail.aspx?targetUrl=ST

Miaworkstudio,Папка канцелярская, 446,575,2020-11-03T08:56:52Z,https://www.wildberries.ru/catalog/14635520/detail.aspx?targetUrl=ST

Rexant,Клейкая лента, 258,3423,2019-11-17T07:47:27.135821036Z,https://www.wildberries.ru/catalog/9150853/detail.aspx?targetUrl=ST

ЖИВИ ЯРКО,Папка канцелярская, 427,577,2020-11-16T18:36:41Z,https://www.wildberries.ru/catalog/16353038/detail.aspx?targetUrl=ST

Гоу HOME,Клейкая лента, 201,510,2020-10-24T13:33:32Z,https://www.wildberries.ru/catalog/15679353/detail.aspx?targetUrl=ST

Юнландия,Подставки для книг, 451,55,2021-07-14T05:28:22Z,https://www.wildberries.ru/catalog/30307104/detail.aspx?targetUrl=ST

AlpenHaken,Лоток для бумаг, 455,4,2021-04-25T19:16:07Z,https://www.wildberries.ru/catalog/27893593/detail.aspx?targetUrl=ST

Brauberg,Подставка канцелярская, 453,8166,2020-02-13T07:36:56.371330974Z,https://www.wildberries.ru/catalog/10670944/detail.aspx?targetUrl=ST

BrandProject,Клейкая лента, 151,11773,2020-09-26T04:12:06Z,https://www.wildberries.ru/catalog/14558701/detail.aspx?targetUrl=ST

Miaworkstudio,Папка канцелярская, 446,349,2020-11-19T07:40:16Z,https://www.wildberries.ru/catalog/14635522/detail.aspx?targetUrl=ST

Tenkraft,Дырокол, 688,3433,2020-04-05T15:46:02.575123872Z,https://www.wildberries.ru/catalog/11638936/detail.aspx?targetUrl=ST

Пифагор,Обложка для книги, 299,5184,2020-05-04T11:24:12.138117981Z,https://www.wildberries.ru/catalog/11094699/detail.aspx?targetUrl=ST

СИМА-ЛЕНД,Папка канцелярская, 188,919,2020-08-25T16:49:15Z,https://www.wildberries.ru/catalog/12887826/detail.aspx?targetUrl=ST

Rexant,Табличка информационная, 204,975,2020-07-28T13:40:53.402564633Z,https://www.wildberries.ru/catalog/13055440/detail.aspx?targetUrl=ST

Rexant,Клейкая лента 9 мм, 247,10367,2020-08-23T10:36:23Z,https://www.wildberries.ru/catalog/10696584/detail.aspx?targetUrl=ST

CASIO,Калькулятор, 810,268,2020-12-12T12:16:58Z,https://www.wildberries.ru/catalog/16828690/detail.aspx?targetUrl=ST

Оранжевое яблоко,Клейкая лента, 270,17005,2020-07-23T10:47:54.660460075Z,https://www.wildberries.ru/catalog/13095731/detail.aspx?targetUrl=ST

Miaworkstudio,Папка канцелярская, 399,121,2021-04-09T16:07:51Z,https://www.wildberries.ru/catalog/25585529/detail.aspx?targetUrl=ST

Bruno Visconti,Ножницы канцелярские, 176,209,2021-06-03T12:38:22Z,https://www.wildberries.ru/catalog/21664371/detail.aspx?targetUrl=ST

Berlingo,Кнопка канцелярская, 160,165,2021-07-08T10:19:58Z,https://www.wildberries.ru/catalog/17309105/detail.aspx?targetUrl=ST

DECART,Клей, 270,587,2020-12-20T07:57:40Z,https://www.wildberries.ru/catalog/10576090/detail.aspx?targetUrl=ST

Фрегат,Клейкая лента, 381,17506,2020-08-26T21:41:55Z,https://www.wildberries.ru/catalog/12801207/detail.aspx?targetUrl=ST

ErichKrause,Папка канцелярская, 357,525,2020-09-01T22:19:53Z,https://www.wildberries.ru/catalog/14007837/detail.aspx?targetUrl=ST

ДПСКАНЦ,Обложка для книги, 153,15319,2020-11-10T09:37:12Z,https://www.wildberries.ru/catalog/12983327/detail.aspx?targetUrl=ST

Brauberg,Пленка для ламинирования, 1 224,114,2021-07-12T10:02:38Z,https://www.wildberries.ru/catalog/11170773/detail.aspx?targetUrl=ST

Мария,Обложка для книги, 247,2556,2020-08-27T08:26:12Z,https://www.wildberries.ru/catalog/14057399/detail.aspx?targetUrl=ST

Аккурат,Клейкая лента 335 см/6 см, 564,5483,2020-10-31T19:17:46Z,https://www.wildberries.ru/catalog/15367452/detail.aspx?targetUrl=ST

Miaworkstudio,Папка канцелярская, 912,167,2020-10-14T12:28:50Z,https://www.wildberries.ru/catalog/14634728/detail.aspx?targetUrl=ST

INTELLIGENT,Подставки для книг, 438,215,2021-03-23T04:36:40Z,https://www.wildberries.ru/catalog/22060600/detail.aspx?targetUrl=ST

Момент,Клей, 180,1125,2020-11-05T07:06:59Z,https://www.wildberries.ru/catalog/15446266/detail.aspx?targetUrl=ST

ПРОМСНАБ,Клейкая лента, 589,2664,2020-07-28T19:54:57.187537903Z,https://www.wildberries.ru/catalog/10193367/detail.aspx?targetUrl=ST

Miaworkstudio,Папка канцелярская, 446,364,2020-11-03T08:37:00Z,https://www.wildberries.ru/catalog/14635523/detail.aspx?targetUrl=ST

Miaworkstudio,Папка канцелярская, 399,121,2021-04-09T16:07:51Z,https://www.wildberries.ru/catalog/25585528/detail.aspx?targetUrl=ST

Office space,Клей, 137,11567,2019-07-29T21:46:24.061154212Z,https://www.wildberries.ru/catalog/8292336/detail.aspx?targetUrl=ST

CASIO,Калькулятор, 720,268,2020-12-12T12:16:58Z,https://www.wildberries.ru/catalog/16828693/detail.aspx?targetUrl=ST

STAFF,Файл-вкладыш, 179,19574,2020-07-16T20:24:25.538861366Z,https://www.wildberries.ru/catalog/13053389/detail.aspx?targetUrl=ST

GLS,Пленка для ламинирования, 461,1500,2020-02-10T13:34:39.095269447Z,https://www.wildberries.ru/catalog/9756422/detail.aspx?targetUrl=ST

КОНТАКТ Дом,Клейкая лента, 110,1801,2020-05-18T12:24:14.687515621Z,https://www.wildberries.ru/catalog/11693702/detail.aspx?targetUrl=ST

Office space,Папка канцелярская, 214,358,2021-06-28T10:54:19Z,https://www.wildberries.ru/catalog/17784264/detail.aspx?targetUrl=ST

CASIO,Калькулятор, 810,268,2020-12-12T12:16:58Z,https://www.wildberries.ru/catalog/16828688/detail.aspx?targetUrl=ST

СИМА-ЛЕНД,Подставки для книг, 452,97,2020-08-16T11:23:13Z,https://www.wildberries.ru/catalog/12994358/detail.aspx?targetUrl=ST

Rexant,Нож канцелярский, 185,623,2019-11-28T16:05:42.150795104Z,https://www.wildberries.ru/catalog/9594499/detail.aspx?targetUrl=ST

Office space,Папка канцелярская, 193,1560,2020-06-16T02:10:50.94264716Z,https://www.wildberries.ru/catalog/9621429/detail.aspx?targetUrl=ST

Контакт,Клей, 76,1804,2021-02-02T07:09:15Z,https://www.wildberries.ru/catalog/18632622/detail.aspx?targetUrl=ST

Оранжевое яблоко,Клейкая лента, 292,10681,2020-06-17T18:06:42.422524889Z,https://www.wildberries.ru/catalog/12788902/detail.aspx?targetUrl=ST

SOLINS,Жидкость для снятия этикеток, 242,10846,2020-09-24T16:29:43Z,https://www.wildberries.ru/catalog/14579026/detail.aspx?targetUrl=ST

Miaworkstudio,Папка канцелярская, 803,227,2020-11-11T10:16:39Z,https://www.wildberries.ru/catalog/14634729/detail.aspx?targetUrl=ST

ProstoKosmos,Файл-вкладыш, 414,2723,2021-01-29T18:16:55Z,https://www.wildberries.ru/catalog/18238527/detail.aspx?targetUrl=ST

Brauberg,Пружина для переплета, 583,400,2020-02-18T07:31:59.122652115Z,https://www.wildberries.ru/catalog/10554864/detail.aspx?targetUrl=ST

Miaworkstudio,Папка канцелярская, 399,266,2020-11-05T22:48:56Z,https://www.wildberries.ru/catalog/15442684/detail.aspx?targetUrl=ST

Контакт,Клей, 180,3836,2019-12-21T18:41:03.803358024Z,https://www.wildberries.ru/catalog/8556022/detail.aspx?targetUrl=ST

ПРОМСНАБ,Клейкая лента, 350,3663,2020-05-02T15:27:15.303102427Z,https://www.wildberries.ru/catalog/10193369/detail.aspx?targetUrl=ST

Miaworkstudio,Папка канцелярская, 896,211,2020-10-10T20:21:41Z,https://www.wildberries.ru/catalog/14634720/detail.aspx?targetUrl=ST

Erich Krause,Клей, 85,410,2021-05-09T09:13:14Z,https://www.wildberries.ru/catalog/25886736/detail.aspx?targetUrl=ST

Момент,Клей, 427,2340,2018-01-14T01:01:18.248+03:00,https://www.wildberries.ru/catalog/4441694/detail.aspx?targetUrl=ST

Flexpocket,Папка канцелярская, 1 200,413,2019-10-27T14:36:52.701569179Z,https://www.wildberries.ru/catalog/9645733/detail.aspx?targetUrl=ST

OKONG,Клей, 235,149,2021-05-17T04:00:06Z,https://www.wildberries.ru/catalog/26346404/detail.aspx?targetUrl=ST

Miaworkstudio,Папка канцелярская, 399,183,2020-11-26T16:45:04Z,https://www.wildberries.ru/catalog/15442685/detail.aspx?targetUrl=ST

CASIO,Калькулятор, 810,268,2020-12-12T12:16:58Z,https://www.wildberries.ru/catalog/16828689/detail.aspx?targetUrl=ST

Aldente,Подставка канцелярская, 445,17,2021-07-11T18:22:23Z,https://www.wildberries.ru/catalog/31384499/detail.aspx?targetUrl=ST

CASIO,Калькулятор, 810,268,2020-12-12T12:16:58Z,https://www.wildberries.ru/catalog/16828687/detail.aspx?targetUrl=ST

HomeLavka,Папка канцелярская, 1 050,545,2021-04-12T15:54:03Z,https://www.wildberries.ru/catalog/22579025/detail.aspx?targetUrl=ST

Малевичъ,Зажим для бумаги, 396,407,2020-11-05T16:38:50Z,https://www.wildberries.ru/catalog/10087967/detail.aspx?targetUrl=ST

Brauberg,Пленка для ламинирования, 570,6936,2020-03-16T10:25:48.576180457Z,https://www.wildberries.ru/catalog/10405390/detail.aspx?targetUrl=ST

A.D.M.,Клей, 202,507,2020-10-29T12:53:47Z,https://www.wildberries.ru/catalog/14507266/detail.aspx?targetUrl=ST

Brauberg,Подставка канцелярская, 487,612,2020-09-24T08:25:08Z,https://www.wildberries.ru/catalog/13076865/detail.aspx?targetUrl=ST

prof-tape,Клейкая лента, 585,2451,2020-08-26T19:46:58Z,https://www.wildberries.ru/catalog/12837321/detail.aspx?targetUrl=ST

Akfix,Клей, 254,585,2020-10-30T07:59:40Z,https://www.wildberries.ru/catalog/15796438/detail.aspx?targetUrl=ST

Rexant,Лупа, 657,930,2020-03-06T11:30:36.44143434Z,https://www.wildberries.ru/catalog/10711074/detail.aspx?targetUrl=ST

Счастье внутри,Папка канцелярская, 533,555,2021-07-21T17:08:11Z,https://www.wildberries.ru/catalog/10664736/detail.aspx?targetUrl=ST

NewDay,"Клейкая лента 3,2 м/3 метра/3,8 см", 563,488,2021-05-14T06:11:00Z,https://www.wildberries.ru/catalog/27875981/detail.aspx?targetUrl=ST

Brauberg,Подставка канцелярская, 380,243,2021-06-06T05:34:33Z,https://www.wildberries.ru/catalog/13370432/detail.aspx?targetUrl=ST

WAlllEE,Этикетка 20 шт, 255,491,2021-03-12T19:28:06Z,https://www.wildberries.ru/catalog/19536206/detail.aspx?targetUrl=ST

ДПСКАНЦ,Обложка для книги, 196,8727,2021-07-30T12:52:43Z,https://www.wildberries.ru/catalog/13527904/detail.aspx?targetUrl=ST

-ZARMANS-,Клейкая лента монтажная клейкая лента/прозрачная/двусторонний скотч/клейкая лента/двухсторонний/новинка/новинки 2021/подарок/декор/99/95/3 см/декоративнай клейкая лента/скотч двусторонний/двухсторонний/прозрачный/Уникальная клейкая лента/низкая цена/супер скотч/новинки/скидки/97, 328,4550,2020-11-27T14:37:56Z,https://www.wildberries.ru/catalog/16232618/detail.aspx?targetUrl=ST

Rexant,Бейдж, 309,916,2020-11-20T06:16:14Z,https://www.wildberries.ru/catalog/13055383/detail.aspx?targetUrl=ST

COSMOFEN,Клей, 219,5774,2020-10-08T11:38:47Z,https://www.wildberries.ru/catalog/15028445/detail.aspx?targetUrl=ST

NUKKI,Папка канцелярская, 550,89,2021-05-09T11:21:21Z,https://www.wildberries.ru/catalog/21056074/detail.aspx?targetUrl=ST

ДПСКАНЦ,Обложка для книги, 209,6486,2020-09-02T15:46:21Z,https://www.wildberries.ru/catalog/14281575/detail.aspx?targetUrl=ST

Axent,Папка канцелярская, 224,976,2020-10-20T06:45:37Z,https://www.wildberries.ru/catalog/10223798/detail.aspx?targetUrl=ST

onlyupprint,Папка канцелярская, 701,33,2021-01-15T16:31:39Z,https://www.wildberries.ru/catalog/17880099/detail.aspx?targetUrl=ST

Lavka,Банковская резинка, 141,2523,2020-07-12T18:23:25.576360144Z,https://www.wildberries.ru/catalog/13306730/detail.aspx?targetUrl=ST

Skyproject,Клейкая лента, 249,742,2020-07-19T13:50:40.03153558Z,https://www.wildberries.ru/catalog/12952767/detail.aspx?targetUrl=ST

VGT,Клей, 259,88,2021-07-20T17:59:47Z,https://www.wildberries.ru/catalog/26286175/detail.aspx?targetUrl=ST

Маркеры для скетчинга  hapme,Маркер, 778,171,2021-07-14T14:06:52Z,https://www.wildberries.ru/catalog/33453076/detail.aspx?targetUrl=ST

Маркеры для скетчинга MIKI,Маркер, 876,6937,2021-07-31T09:02:46Z,https://www.wildberries.ru/catalog/22122871/detail.aspx?targetUrl=ST

Amazonia,Маркер, 530,3062,2021-02-17T16:15:24Z,https://www.wildberries.ru/catalog/19330731/detail.aspx?targetUrl=ST

STABILO,Карандаш, 412,3079,2021-07-23T22:16:34Z,https://www.wildberries.ru/catalog/5600481/detail.aspx?targetUrl=ST

YELLOW PRICE STORE,Ручка, 459,7351,2021-02-02T08:07:26Z,https://www.wildberries.ru/catalog/15966402/detail.aspx?targetUrl=ST

Berlingo,Пенал, 533,76,2021-06-01T11:05:42Z,https://www.wildberries.ru/catalog/24785626/detail.aspx?targetUrl=ST

TrueShop,Фломастер, 647,3978,2020-10-03T18:50:21Z,https://www.wildberries.ru/catalog/15424963/detail.aspx?targetUrl=ST

TrueShop,Фломастер, 1 001,3978,2020-10-03T18:50:21Z,https://www.wildberries.ru/catalog/15617355/detail.aspx?targetUrl=ST

Brauberg,Точилка, 294,63216,2021-07-31T08:25:15Z,https://www.wildberries.ru/catalog/10951477/detail.aspx?targetUrl=ST

Малевичъ,Ручка, 137,8377,2020-02-16T12:48:27.166610917Z,https://www.wildberries.ru/catalog/10691419/detail.aspx?targetUrl=ST

Малевичъ,Ручка, 712,3212,2019-10-20T12:31:58.504558173Z,https://www.wildberries.ru/catalog/9262629/detail.aspx?targetUrl=ST

Brauberg,Маркер, 290,623,2021-04-28T18:16:31Z,https://www.wildberries.ru/catalog/24799968/detail.aspx?targetUrl=ST

Berlingo,Карандаш, 191,1348,2021-01-31T11:56:03Z,https://www.wildberries.ru/catalog/16464500/detail.aspx?targetUrl=ST

Фломастеры для скетчинга  Маркеры,Фломастер, 900,7310,2021-04-02T09:56:54Z,https://www.wildberries.ru/catalog/23902175/detail.aspx?targetUrl=ST

Маркеры для скетчинга MIKI,Маркер, 541,6937,2021-07-31T09:03:27Z,https://www.wildberries.ru/catalog/22122870/detail.aspx?targetUrl=ST

Berlingo,Карандаш, 155,1036,2021-03-03T13:42:12Z,https://www.wildberries.ru/catalog/18950757/detail.aspx?targetUrl=ST

Berlingo,Ручка, 165,563,2021-03-17T17:28:06Z,https://www.wildberries.ru/catalog/18483637/detail.aspx?targetUrl=ST

Alingar,Маркер, 614,1248,2020-12-25T22:35:34Z,https://www.wildberries.ru/catalog/17865485/detail.aspx?targetUrl=ST

DELI,Карандаш, 754,560,2020-07-14T11:38:42.314704868Z,https://www.wildberries.ru/catalog/12205497/detail.aspx?targetUrl=ST

Brauberg,Пенал, 285,276,2021-05-09T18:56:53Z,https://www.wildberries.ru/catalog/23628367/detail.aspx?targetUrl=ST

ErichKrause,Канцелярский набор, 1 248,6696,2019-08-26T13:14:47.722132514Z,https://www.wildberries.ru/catalog/7894872/detail.aspx?targetUrl=ST

Berlingo,Корректирующая лента, 317,938,2020-08-18T10:52:58Z,https://www.wildberries.ru/catalog/13098748/detail.aspx?targetUrl=ST

Amazonia,Маркер, 691,5014,2020-11-20T09:25:13Z,https://www.wildberries.ru/catalog/16924328/detail.aspx?targetUrl=ST

Маркеры для скетчинга KERMAR Pro,Маркер, 540,28672,2021-07-31T04:49:49Z,https://www.wildberries.ru/catalog/15056304/detail.aspx?targetUrl=ST

Brauberg,Ручка, 440,3214,2021-01-06T22:36:22Z,https://www.wildberries.ru/catalog/15726404/detail.aspx?targetUrl=ST

Brauberg,Пенал, 290,511,2020-09-15T08:48:08Z,https://www.wildberries.ru/catalog/14650259/detail.aspx?targetUrl=ST

VideoMart,Ручка, 296,7844,2020-09-21T14:46:19Z,https://www.wildberries.ru/catalog/14907931/detail.aspx?targetUrl=ST

Amu toys,Канцелярский набор, 1 260,480,2021-06-03T15:40:32Z,https://www.wildberries.ru/catalog/26822410/detail.aspx?targetUrl=ST

маркеры для скетчинга.,Маркер, 893,2377,2020-11-08T17:52:49Z,https://www.wildberries.ru/catalog/17333987/detail.aspx?targetUrl=ST

Мир Фантазий,Фломастер, 768,161,2021-04-27T10:47:51Z,https://www.wildberries.ru/catalog/26485710/detail.aspx?targetUrl=ST

ErichKrause,Ручка, 191,7115,2020-05-07T12:55:27.390634349Z,https://www.wildberries.ru/catalog/11541487/detail.aspx?targetUrl=ST

Маркеры для скетчингаMagicHome,Маркер, 863,3403,2020-12-05T00:27:10Z,https://www.wildberries.ru/catalog/17251750/detail.aspx?targetUrl=ST

mamagoods,Маркер, 973,0,2020-12-25T10:20:46Z,https://www.wildberries.ru/catalog/17770198/detail.aspx?targetUrl=ST

Фломастеры Маркеры M,Фломастер, 611,5000,2021-02-01T13:00:34Z,https://www.wildberries.ru/catalog/18957159/detail.aspx?targetUrl=ST

Brauberg,Ластик, 179,8868,2021-02-03T19:07:20Z,https://www.wildberries.ru/catalog/18145248/detail.aspx?targetUrl=ST

маркеры для скетчинга.,Маркер, 793,1827,2021-06-07T06:10:03Z,https://www.wildberries.ru/catalog/28825208/detail.aspx?targetUrl=ST

PILOT,Ручка, 175,849,2021-05-23T13:30:50Z,https://www.wildberries.ru/catalog/21072701/detail.aspx?targetUrl=ST

Маркеры для скетчинга  hapme,Маркер, 520,171,2021-07-14T14:06:52Z,https://www.wildberries.ru/catalog/33248987/detail.aspx?targetUrl=ST

Маркеры  Маркеры для скетчинга,Маркер, 880,10371,2021-03-16T16:22:01Z,https://www.wildberries.ru/catalog/21645476/detail.aspx?targetUrl=ST

Юнландия,Канцелярский набор, 996,1568,2021-04-29T16:22:27Z,https://www.wildberries.ru/catalog/26130425/detail.aspx?targetUrl=ST

Brauberg,Канцелярский набор, 1 061,1439,2021-04-30T07:29:52Z,https://www.wildberries.ru/catalog/26125807/detail.aspx?targetUrl=ST

1A,Пенал, 547,415,2021-03-03T11:01:43Z,https://www.wildberries.ru/catalog/18829848/detail.aspx?targetUrl=ST

Klick it quickly,Ручка, 248,5584,2021-02-22T13:48:47Z,https://www.wildberries.ru/catalog/19925337/detail.aspx?targetUrl=ST

BIC,Ручка, 599,11841,2017-10-16T14:31:42.712+03:00,https://www.wildberries.ru/catalog/4404904/detail.aspx?targetUrl=ST

Маркеры для скетчинга MIKI,Маркер, 322,6937,2021-07-31T09:03:27Z,https://www.wildberries.ru/catalog/22122868/detail.aspx?targetUrl=ST

Brauberg,Маркер, 318,351,2021-04-23T04:13:20Z,https://www.wildberries.ru/catalog/24799969/detail.aspx?targetUrl=ST

Юнландия,Пенал, 340,1161,2020-07-08T14:26:26.581219157Z,https://www.wildberries.ru/catalog/11512579/detail.aspx?targetUrl=ST

TrueShop,Фломастер, 500,3978,2021-07-31T09:09:06Z,https://www.wildberries.ru/catalog/15424962/detail.aspx?targetUrl=ST

STABILO,Маркер, 582,3199,2020-01-25T17:41:51.538980229Z,https://www.wildberries.ru/catalog/8899747/detail.aspx?targetUrl=ST

Prof-Press,Пенал, 241,311,2021-03-07T07:32:47Z,https://www.wildberries.ru/catalog/20843759/detail.aspx?targetUrl=ST

ParadiseShop,Фломастер, 935,1187,2021-05-20T17:07:22Z,https://www.wildberries.ru/catalog/23887985/detail.aspx?targetUrl=ST

Amazonia,Маркер, 689,3062,2021-02-17T16:15:24Z,https://www.wildberries.ru/catalog/19276742/detail.aspx?targetUrl=ST

Малевичъ,Ручка, 286,1785,2020-05-28T07:09:25.589700156Z,https://www.wildberries.ru/catalog/12419159/detail.aspx?targetUrl=ST

ErichKrause,Канцелярский набор, 537,2450,2020-07-23T18:45:19.666685723Z,https://www.wildberries.ru/catalog/12959109/detail.aspx?targetUrl=ST

Малевичъ,Ручка, 149,1207,2020-02-16T15:49:26.537883507Z,https://www.wildberries.ru/catalog/10691430/detail.aspx?targetUrl=ST

Amazonia,Маркер, 530,5014,2020-11-20T09:25:13Z,https://www.wildberries.ru/catalog/16924327/detail.aspx?targetUrl=ST

Маркеры для скетчинга KERMAR Pro,Маркер, 429,15869,2020-11-07T17:59:51Z,https://www.wildberries.ru/catalog/17740496/detail.aspx?targetUrl=ST

Маркеры для скетчинга MIKI,Маркер, 863,6937,2021-07-31T09:03:27Z,https://www.wildberries.ru/catalog/24496579/detail.aspx?targetUrl=ST

Berlingo,Карандаш, 140,960,2021-05-11T13:55:12Z,https://www.wildberries.ru/catalog/17309009/detail.aspx?targetUrl=ST

1A,Пенал, 420,220,2021-03-03T11:15:36Z,https://www.wildberries.ru/catalog/18829850/detail.aspx?targetUrl=ST

Маркеры для скетчинга KERMAR Pro,Маркер, 355,7887,2020-11-04T06:55:46Z,https://www.wildberries.ru/catalog/15876072/detail.aspx?targetUrl=ST

BIC,Фломастер, 339,4410,2018-10-03T14:05:33.51016839Z,https://www.wildberries.ru/catalog/666168/detail.aspx?targetUrl=ST

Benabe,Маркер, 1 166,621,2021-01-22T16:21:16Z,https://www.wildberries.ru/catalog/33457209/detail.aspx?targetUrl=ST

Малевичъ,Ручка, 123,3118,2020-04-08T15:01:34.682441645Z,https://www.wildberries.ru/catalog/10691421/detail.aspx?targetUrl=ST

Berlingo,Пенал, 370,57,2021-04-11T12:53:06Z,https://www.wildberries.ru/catalog/24785662/detail.aspx?targetUrl=ST

BIC,Карандаш, 231,1721,2018-12-05T15:30:34.290177027Z,https://www.wildberries.ru/catalog/6144986/detail.aspx?targetUrl=ST

Berlingo,Карандаш, 157,1036,2021-03-03T13:42:12Z,https://www.wildberries.ru/catalog/19253805/detail.aspx?targetUrl=ST

PILOT,Ручка, 560,6246,2020-07-07T11:58:42.239326858Z,https://www.wildberries.ru/catalog/12923779/detail.aspx?targetUrl=ST

Маркеры для скетчинга KERMAR Pro,Маркер, 838,6192,2020-09-27T15:37:01Z,https://www.wildberries.ru/catalog/15275928/detail.aspx?targetUrl=ST

BIC,Ручка, 335,27544,2017-12-07T15:54:12.32+03:00,https://www.wildberries.ru/catalog/4404897/detail.aspx?targetUrl=ST

Фломастеры Маркеры M,Фломастер, 862,5000,2021-02-01T13:00:34Z,https://www.wildberries.ru/catalog/18957160/detail.aspx?targetUrl=ST

MadPax,Пенал, 1 365,34,2021-07-21T10:38:47Z,https://www.wildberries.ru/catalog/17222340/detail.aspx?targetUrl=ST

Pensan,Ручка, 706,2440,2020-10-15T05:58:53Z,https://www.wildberries.ru/catalog/15302525/detail.aspx?targetUrl=ST

Berlingo,Карандаш, 150,708,2021-04-08T18:42:18Z,https://www.wildberries.ru/catalog/23018619/detail.aspx?targetUrl=ST

YELLOW PRICE STORE,Ручка, 459,11073,2020-11-13T09:36:04Z,https://www.wildberries.ru/catalog/15966510/detail.aspx?targetUrl=ST

Маркеры для скетчинга MIKI,Маркер, 541,6937,2021-03-15T07:38:28Z,https://www.wildberries.ru/catalog/24495482/detail.aspx?targetUrl=ST

Маркеры для скетчинга MIKI,Маркер, 528,6937,2021-03-15T07:38:28Z,https://www.wildberries.ru/catalog/28219850/detail.aspx?targetUrl=ST

UNIHIT,Канцелярский набор, 1 353,474,2020-06-06T17:02:55.105081058Z,https://www.wildberries.ru/catalog/12344311/detail.aspx?targetUrl=ST

Kite,Карандаш, 243,1527,2019-01-31T18:30:53.148362814Z,https://www.wildberries.ru/catalog/6696273/detail.aspx?targetUrl=ST

Brauberg,Точилка, 284,4586,2021-01-17T20:58:49Z,https://www.wildberries.ru/catalog/17767415/detail.aspx?targetUrl=ST

Маркеры для скетчинга KERMAR Pro,Маркер, 539,28672,2020-09-22T11:52:32Z,https://www.wildberries.ru/catalog/15228286/detail.aspx?targetUrl=ST

ErichKrause,Ручка, 920,524,2019-12-07T16:25:10.312180046Z,https://www.wildberries.ru/catalog/9657071/detail.aspx?targetUrl=ST

Munhwa,Маркер, 344,84,2020-10-21T06:21:28Z,https://www.wildberries.ru/catalog/11592520/detail.aspx?targetUrl=ST

STABILO,Карандаш, 897,1166,2018-08-26T14:59:33.215668058Z,https://www.wildberries.ru/catalog/5600482/detail.aspx?targetUrl=ST

Berlingo,Карандаш, 272,2255,2020-06-12T19:22:40.861629604Z,https://www.wildberries.ru/catalog/11305581/detail.aspx?targetUrl=ST

Berlingo,Карандаш, 249,2213,2020-06-03T18:11:22.513221793Z,https://www.wildberries.ru/catalog/11305577/detail.aspx?targetUrl=ST

Фломастеры Маркеры M,Фломастер, 257,5000,2021-02-01T13:00:34Z,https://www.wildberries.ru/catalog/18957156/detail.aspx?targetUrl=ST

Фломастеры Маркеры M,Фломастер, 351,5000,2021-02-01T13:00:34Z,https://www.wildberries.ru/catalog/18957157/detail.aspx?targetUrl=ST

Профи-Арт,Карандаш, 189,556,2020-08-28T06:01:56Z,https://www.wildberries.ru/catalog/12603043/detail.aspx?targetUrl=ST

Профи-Арт,Фломастер, 211,2031,2020-06-25T17:16:28.524198756Z,https://www.wildberries.ru/catalog/12603321/detail.aspx?targetUrl=ST

mamagoods,Фломастер, 571,3195,2020-10-12T14:09:20Z,https://www.wildberries.ru/catalog/15575759/detail.aspx?targetUrl=ST

BIC,Ручка, 171,15361,2020-08-28T03:49:18Z,https://www.wildberries.ru/catalog/14384450/detail.aspx?targetUrl=ST

1A,Пенал, 510,375,2021-03-03T11:24:55Z,https://www.wildberries.ru/catalog/18829847/detail.aspx?targetUrl=ST

Maped,Пенал, 1 480,1153,2016-05-12T12:44:13+03:00,https://www.wildberries.ru/catalog/2809960/detail.aspx?targetUrl=ST

PNB,Пенал, 482,590,2020-07-14T19:49:29.973248153Z,https://www.wildberries.ru/catalog/10191783/detail.aspx?targetUrl=ST

Berlingo,Пенал, 371,85,2021-04-11T12:15:47Z,https://www.wildberries.ru/catalog/23018666/detail.aspx?targetUrl=ST

Berlingo,Пенал, 346,24,2021-04-10T13:10:07Z,https://www.wildberries.ru/catalog/24785702/detail.aspx?targetUrl=ST

Маркеры для скетчинга MIKI,Маркер, 243,6937,2021-03-15T07:38:28Z,https://www.wildberries.ru/catalog/22122867/detail.aspx?targetUrl=ST

mamagoods,Фломастер, 1 025,546,2020-12-08T12:02:26Z,https://www.wildberries.ru/catalog/17560254/detail.aspx?targetUrl=ST

Маркеры для скетчинга Пиу-Пиу,Маркер, 806,4639,2021-03-23T13:39:14Z,https://www.wildberries.ru/catalog/28380395/detail.aspx?targetUrl=ST

Тепло дерева,Набор букв и цифр, 730,4861,2018-08-06T08:34:46.524588201Z,https://www.wildberries.ru/catalog/6033300/detail.aspx?targetUrl=ST

IQtoys,Набор букв и цифр, 1 316,581,2020-09-10T12:36:29Z,https://www.wildberries.ru/catalog/13489720/detail.aspx?targetUrl=ST

Тепло дерева,Набор букв и цифр, 730,2201,2018-09-07T12:10:50.331490261Z,https://www.wildberries.ru/catalog/6146013/detail.aspx?targetUrl=ST

Абакусы,Счетный материал, 235,244,2021-03-17T12:49:14Z,https://www.wildberries.ru/catalog/21383654/detail.aspx?targetUrl=ST

АНДАНТЕ,Счетный материал, 227,1017,2020-07-16T19:35:52.220204398Z,https://www.wildberries.ru/catalog/12807812/detail.aspx?targetUrl=ST

Тепло дерева,Набор букв и цифр, 896,138,2020-12-02T18:42:41Z,https://www.wildberries.ru/catalog/16505911/detail.aspx?targetUrl=ST

Каля-Баля,Набор букв и цифр, 1 550,24,2021-04-05T04:07:34Z,https://www.wildberries.ru/catalog/20996507/detail.aspx?targetUrl=ST

ЧудоЧадо,Набор букв и цифр, 489,2810,2020-09-08T13:53:55Z,https://www.wildberries.ru/catalog/12816797/detail.aspx?targetUrl=ST

Тепло дерева,Набор букв и цифр, 672,115,2020-11-15T18:03:11Z,https://www.wildberries.ru/catalog/15883525/detail.aspx?targetUrl=ST

АНДАНТЕ,Набор букв и цифр, 375,22620,2018-02-20T10:49:14.643+03:00,https://www.wildberries.ru/catalog/5143361/detail.aspx?targetUrl=ST

Тепло дерева,Набор букв и цифр, 336,121,2020-10-14T17:01:43Z,https://www.wildberries.ru/catalog/15469973/detail.aspx?targetUrl=ST

Юнландия,Набор букв и цифр, 342,2814,2020-09-23T12:55:02Z,https://www.wildberries.ru/catalog/13273405/detail.aspx?targetUrl=ST

Юнландия,Набор букв и цифр, 399,3092,2020-07-05T11:19:32.900918042Z,https://www.wildberries.ru/catalog/12638107/detail.aspx?targetUrl=ST

Счеты Абакус,Счетный материал, 261,681,2021-04-10T08:00:50Z,https://www.wildberries.ru/catalog/23614117/detail.aspx?targetUrl=ST

EDX Education,Счетный материал, 1 290,139,2020-08-16T19:26:31Z,https://www.wildberries.ru/catalog/12315018/detail.aspx?targetUrl=ST

PropeLLer_55,Счетный материал, 720,10,2021-05-21T15:23:18Z,https://www.wildberries.ru/catalog/27080025/detail.aspx?targetUrl=ST

Счеты Абакус,Счетный материал, 194,437,2021-04-17T05:55:26Z,https://www.wildberries.ru/catalog/23615667/detail.aspx?targetUrl=ST

Пифагор,Набор букв и цифр, 137,2747,2020-07-27T17:20:32.624070022Z,https://www.wildberries.ru/catalog/13273422/detail.aspx?targetUrl=ST

АНДАНТЕ,Счетный материал, 308,559,2018-12-21T15:57:18.614260527Z,https://www.wildberries.ru/catalog/6849245/detail.aspx?targetUrl=ST

Десятое королевcтво,Набор букв и цифр, 336,924,2021-02-24T07:19:19Z,https://www.wildberries.ru/catalog/18597355/detail.aspx?targetUrl=ST

Anytoys,Счетный материал, 1 354,2,no feedbacks,https://www.wildberries.ru/catalog/23856090/detail.aspx?targetUrl=ST

АНДАНТЕ,Набор букв и цифр, 458,4558,2020-03-24T09:10:37.049011844Z,https://www.wildberries.ru/catalog/11527247/detail.aspx?targetUrl=ST

Страна Монтессори,Счетный материал, 374,503,2020-11-09T09:07:05Z,https://www.wildberries.ru/catalog/15390779/detail.aspx?targetUrl=ST

Art space,Счетный материал, 311,3285,2019-09-22T09:42:09.710123513Z,https://www.wildberries.ru/catalog/8758329/detail.aspx?targetUrl=ST

АНДАНТЕ,Счетный материал, 216,3781,2017-11-01T00:57:07.357+03:00,https://www.wildberries.ru/catalog/4643049/detail.aspx?targetUrl=ST

OPT.WIKI,Набор букв и цифр, 132,224,2020-07-13T20:42:46.506575212Z,https://www.wildberries.ru/catalog/11872373/detail.aspx?targetUrl=ST

АНДАНТЕ,Счетный материал, 233,3870,2017-10-19T00:41:52.474+03:00,https://www.wildberries.ru/catalog/4643046/detail.aspx?targetUrl=ST

АНДАНТЕ,Набор букв и цифр, 492,95,2021-06-08T10:50:06Z,https://www.wildberries.ru/catalog/28920123/detail.aspx?targetUrl=ST

BONDIBON,Набор букв и цифр, 417,509,2020-12-09T07:02:53Z,https://www.wildberries.ru/catalog/15588426/detail.aspx?targetUrl=ST

Абакусы,Счетный материал, 329,1278,2020-05-10T22:31:05.477411007Z,https://www.wildberries.ru/catalog/11924383/detail.aspx?targetUrl=ST

MAPACHA,Набор букв и цифр, 267,477,2021-02-26T08:46:43Z,https://www.wildberries.ru/catalog/18636994/detail.aspx?targetUrl=ST

Стамм,Набор букв и цифр, 132,31,no feedbacks,https://www.wildberries.ru/catalog/28251565/detail.aspx?targetUrl=ST

Абакусы,Счетный материал, 199,2455,2020-01-06T13:00:40.415571416Z,https://www.wildberries.ru/catalog/10161606/detail.aspx?targetUrl=ST

Харди Гарди,Набор букв и цифр, 228,947,2020-08-13T09:02:28Z,https://www.wildberries.ru/catalog/12771260/detail.aspx?targetUrl=ST

OB hobby,Набор букв и цифр, 322,54,2021-07-13T08:03:49Z,https://www.wildberries.ru/catalog/33615194/detail.aspx?targetUrl=ST

EDX Education,Счетный материал, 1 290,186,2020-07-04T16:48:27.66505601Z,https://www.wildberries.ru/catalog/12315017/detail.aspx?targetUrl=ST

EDX Education,Счетный материал, 1 596,146,2020-07-10T20:06:28.789491802Z,https://www.wildberries.ru/catalog/12314983/detail.aspx?targetUrl=ST

LAZAMBA,Набор букв и цифр, 402,1222,2020-09-14T14:02:02Z,https://www.wildberries.ru/catalog/14462692/detail.aspx?targetUrl=ST

АНДАНТЕ,Счетный материал, 670,1332,2019-10-29T05:24:20.442612621Z,https://www.wildberries.ru/catalog/9759959/detail.aspx?targetUrl=ST

Рыжий Кот.,Счетный материал, 228,802,2019-10-02T08:10:54.201657751Z,https://www.wildberries.ru/catalog/8601191/detail.aspx?targetUrl=ST

Prof-Press,Счетный материал, 114,7627,2020-03-28T16:21:44.037345819Z,https://www.wildberries.ru/catalog/11520596/detail.aspx?targetUrl=ST

Mellingward,Счетный материал, 488,28,no feedbacks,https://www.wildberries.ru/catalog/19537108/detail.aspx?targetUrl=ST

ASMAR,Счетный материал, 186,367,2020-10-16T06:51:38Z,https://www.wildberries.ru/catalog/14148139/detail.aspx?targetUrl=ST

Prof-Press,Счетный материал, 85,3796,2020-07-14T21:27:15.886687573Z,https://www.wildberries.ru/catalog/12787444/detail.aspx?targetUrl=ST

VEROL,Набор букв и цифр, 369,216,2020-06-30T19:01:43.513743569Z,https://www.wildberries.ru/catalog/12843462/detail.aspx?targetUrl=ST

Art space,Набор букв и цифр, 120,291,2021-01-31T20:33:49Z,https://www.wildberries.ru/catalog/17963227/detail.aspx?targetUrl=ST

Learning Resources,Счетный материал, 714,77,no feedbacks,https://www.wildberries.ru/catalog/14594168/detail.aspx?targetUrl=ST

Счеты Абакус,Счетный материал, 194,364,2021-04-17T05:54:31Z,https://www.wildberries.ru/catalog/23614962/detail.aspx?targetUrl=ST

EDX Education,Счетный материал, 1 032,184,2020-07-16T11:19:53.789754806Z,https://www.wildberries.ru/catalog/12315015/detail.aspx?targetUrl=ST

FLyFF,Счетный материал, 629,67,2021-06-14T07:56:44Z,https://www.wildberries.ru/catalog/27987965/detail.aspx?targetUrl=ST

OPT.WIKI,Набор букв и цифр, 181,539,2020-07-28T16:00:29.415770325Z,https://www.wildberries.ru/catalog/11872371/detail.aspx?targetUrl=ST

Family Shop,Счетный материал, 429,50,2020-09-14T11:17:04Z,https://www.wildberries.ru/catalog/9987770/detail.aspx?targetUrl=ST

Абакусы,Счетный материал, 267,969,2020-01-10T10:40:19.228469837Z,https://www.wildberries.ru/catalog/10457140/detail.aspx?targetUrl=ST

Юнландия,Счетный материал, 285,981,2020-09-15T17:05:13Z,https://www.wildberries.ru/catalog/13364157/detail.aspx?targetUrl=ST

Стамм,Счетный материал, 425,38,2021-06-08T15:28:23Z,https://www.wildberries.ru/catalog/28307378/detail.aspx?targetUrl=ST

АНДАНТЕ,Набор букв и цифр, 209,5560,2018-10-17T17:44:16.95533286Z,https://www.wildberries.ru/catalog/6421943/detail.aspx?targetUrl=ST

RamikiKids,Счетный материал, 168,2,no feedbacks,https://www.wildberries.ru/catalog/34126056/detail.aspx?targetUrl=ST

Prof-Press,Счетный материал, 98,81,2021-06-07T08:11:45Z,https://www.wildberries.ru/catalog/29278446/detail.aspx?targetUrl=ST

ТАТОЙ,Набор букв и цифр, 376,1170,2020-05-14T17:43:56.734896533Z,https://www.wildberries.ru/catalog/12167038/detail.aspx?targetUrl=ST

Хаким,Счетный материал, 143,93,2021-06-24T16:21:01Z,https://www.wildberries.ru/catalog/29326789/detail.aspx?targetUrl=ST

ТАТОЙ,Набор букв и цифр, 350,607,2020-05-11T15:13:15.442208145Z,https://www.wildberries.ru/catalog/12167034/detail.aspx?targetUrl=ST

EDX Education,Счетный материал, 1 032,36,2021-02-14T19:18:17Z,https://www.wildberries.ru/catalog/12315014/detail.aspx?targetUrl=ST

Hand Made,Набор букв и цифр, 266,73,2021-06-22T06:19:10Z,https://www.wildberries.ru/catalog/26825258/detail.aspx?targetUrl=ST

Abakus,Счетный материал, 315,1470,2020-02-09T12:14:54.873179222Z,https://www.wildberries.ru/catalog/10802737/detail.aspx?targetUrl=ST

EDX Education,Счетный материал, 1 032,123,2020-07-18T23:03:53.220539311Z,https://www.wildberries.ru/catalog/12315016/detail.aspx?targetUrl=ST

Абакусы,Счетный материал, 234,890,2020-05-17T13:30:51.437900225Z,https://www.wildberries.ru/catalog/10457141/detail.aspx?targetUrl=ST

OPT.WIKI,Набор букв и цифр, 192,721,2020-06-12T10:59:10.435645496Z,https://www.wildberries.ru/catalog/11872372/detail.aspx?targetUrl=ST

Vladi Toys,Набор букв и цифр, 408,217,2020-01-10T11:13:13.982405311Z,https://www.wildberries.ru/catalog/9303646/detail.aspx?targetUrl=ST

Абакусы,Счетный материал, 301,819,2020-10-18T18:01:56Z,https://www.wildberries.ru/catalog/14796365/detail.aspx?targetUrl=ST

G&C LINKS SKY,Счетный материал, 105,21,no feedbacks,https://www.wildberries.ru/catalog/25618381/detail.aspx?targetUrl=ST

Абакусы,Счетный материал, 235,248,2021-03-17T12:46:03Z,https://www.wildberries.ru/catalog/21383653/detail.aspx?targetUrl=ST

EDX Education,Счетный материал, 1 032,107,2020-06-10T14:54:13.630179235Z,https://www.wildberries.ru/catalog/12315020/detail.aspx?targetUrl=ST

СИМА-ЛЕНД,Счетный материал, 564,154,2021-02-06T12:14:12Z,https://www.wildberries.ru/catalog/17398533/detail.aspx?targetUrl=ST

АНДАНТЕ,Счетный материал, 607,347,2019-11-10T15:31:40.572610755Z,https://www.wildberries.ru/catalog/9759960/detail.aspx?targetUrl=ST

OPT.WIKI,Счетный материал, 278,253,2020-08-12T12:06:52Z,https://www.wildberries.ru/catalog/13178747/detail.aspx?targetUrl=ST

Стамм,Счетный материал, 145,94,2021-06-25T10:42:06Z,https://www.wildberries.ru/catalog/28251564/detail.aspx?targetUrl=ST

ToySib,Набор букв и цифр, 1 443,10,no feedbacks,https://www.wildberries.ru/catalog/21495775/detail.aspx?targetUrl=ST

Hand Made,Набор букв и цифр, 266,82,2021-07-13T09:45:24Z,https://www.wildberries.ru/catalog/26824926/detail.aspx?targetUrl=ST

Харди Гарди,Набор букв и цифр, 240,345,2020-08-13T09:04:04Z,https://www.wildberries.ru/catalog/12182917/detail.aspx?targetUrl=ST

Инсам,Набор букв и цифр, 220,932,2020-07-13T18:30:30.545458037Z,https://www.wildberries.ru/catalog/12993180/detail.aspx?targetUrl=ST

OPT.WIKI,Счетный материал, 266,253,2020-08-12T12:06:52Z,https://www.wildberries.ru/catalog/13178746/detail.aspx?targetUrl=ST

Hand Made,Набор букв и цифр, 266,47,2021-07-09T07:31:52Z,https://www.wildberries.ru/catalog/27035667/detail.aspx?targetUrl=ST

OPT.WIKI,Счетный материал, 242,253,2020-08-12T12:06:52Z,https://www.wildberries.ru/catalog/11872374/detail.aspx?targetUrl=ST

Пифагор,Набор букв и цифр, 101,336,2020-12-22T18:10:22Z,https://www.wildberries.ru/catalog/13364181/detail.aspx?targetUrl=ST

OPT.WIKI,Счетный материал, 266,253,2020-08-12T12:06:52Z,https://www.wildberries.ru/catalog/13178748/detail.aspx?targetUrl=ST

ASMAR,Счетный материал, 192,313,2020-11-06T07:23:38Z,https://www.wildberries.ru/catalog/14936225/detail.aspx?targetUrl=ST

КотоНяня,Счетный материал, 493,2,no feedbacks,https://www.wildberries.ru/catalog/27427868/detail.aspx?targetUrl=ST

Calligrata,Счетный материал, 341,48,2021-07-24T06:33:32Z,https://www.wildberries.ru/catalog/19318581/detail.aspx?targetUrl=ST

Basir,Счетный материал, 197,384,2020-05-01T08:06:38.973353926Z,https://www.wildberries.ru/catalog/11834447/detail.aspx?targetUrl=ST

Darvish,Счетный материал, 272,44,no feedbacks,https://www.wildberries.ru/catalog/15037835/detail.aspx?targetUrl=ST

FLyFF,Счетный материал, 539,38,2021-06-14T07:59:40Z,https://www.wildberries.ru/catalog/27990361/detail.aspx?targetUrl=ST

Prof-Press,Счетный материал, 98,81,2021-06-07T08:11:45Z,https://www.wildberries.ru/catalog/29023143/detail.aspx?targetUrl=ST

Умный Мишка,Набор букв и цифр, 1 002,193,2020-08-15T08:58:19Z,https://www.wildberries.ru/catalog/14038747/detail.aspx?targetUrl=ST

Сималенд,Счетный материал, 468,14,2021-04-15T07:12:18Z,https://www.wildberries.ru/catalog/18739223/detail.aspx?targetUrl=ST

Лесная Мастерская,Счетный материал, 354,112,2020-07-06T12:09:37.844440174Z,https://www.wildberries.ru/catalog/12245149/detail.aspx?targetUrl=ST

GLOBUS,Счетный материал, 140,570,2020-01-30T10:50:00.847747203Z,https://www.wildberries.ru/catalog/9214048/detail.aspx?targetUrl=ST

ArtXL,Набор букв и цифр, 257,28,2021-06-20T11:40:14Z,https://www.wildberries.ru/catalog/30116972/detail.aspx?targetUrl=ST

ИПСтарцев,Биркодержатель, 182,450,2021-01-11T11:07:54Z,https://www.wildberries.ru/catalog/17736897/detail.aspx?targetUrl=ST

ИПСтарцев,Биркодержатель, 182,450,2021-01-11T11:07:54Z,https://www.wildberries.ru/catalog/17736901/detail.aspx?targetUrl=ST

Bernard,Пистолет-маркиратор, 440,20,2021-07-07T18:44:49Z,https://www.wildberries.ru/catalog/21615797/detail.aspx?targetUrl=ST

Brauberg,Пистолет-маркиратор, 434,2301,2020-03-02T09:09:12.787963068Z,https://www.wildberries.ru/catalog/10554847/detail.aspx?targetUrl=ST

Brauberg,Ценник, 201,2872,2020-07-25T13:16:28.077681445Z,https://www.wildberries.ru/catalog/11127824/detail.aspx?targetUrl=ST

Ш-Пулька,Биркодержатель биркодержатель веревочный, 660,145,2021-04-20T13:39:24Z,https://www.wildberries.ru/catalog/26057589/detail.aspx?targetUrl=ST

Brauberg,Биркодержатель, 332,1848,2020-05-12T08:58:26.644547815Z,https://www.wildberries.ru/catalog/10812878/detail.aspx?targetUrl=ST

B&L,Ценник, 315,1055,2021-02-13T17:18:02Z,https://www.wildberries.ru/catalog/16053828/detail.aspx?targetUrl=ST

Bernard,Пистолет-маркиратор, 845,314,2021-04-12T12:53:59Z,https://www.wildberries.ru/catalog/21616361/detail.aspx?targetUrl=ST

VRT,Информационная стойка, 722,38,2021-07-21T07:47:35Z,https://www.wildberries.ru/catalog/26377188/detail.aspx?targetUrl=ST

For your sales,Пистолет-маркиратор, 840,47,2021-06-28T15:01:44Z,https://www.wildberries.ru/catalog/31828162/detail.aspx?targetUrl=ST

Brauberg,Пистолет-маркиратор, 526,1329,2020-03-03T15:41:57.478249761Z,https://www.wildberries.ru/catalog/10554848/detail.aspx?targetUrl=ST

ПолиЦентр,Ценник, 495,161,2021-06-08T11:46:22Z,https://www.wildberries.ru/catalog/16797175/detail.aspx?targetUrl=ST

Ш-Пулька,Биркодержатель биркодержатель веревочный, 660,145,2021-04-20T13:39:24Z,https://www.wildberries.ru/catalog/26057587/detail.aspx?targetUrl=ST

For your sales,Пистолет-маркиратор, 840,47,2021-06-28T15:01:44Z,https://www.wildberries.ru/catalog/31827746/detail.aspx?targetUrl=ST

B&L,Ценник, 363,858,2021-02-03T15:50:51Z,https://www.wildberries.ru/catalog/16053829/detail.aspx?targetUrl=ST

For your sales,Пистолет-маркиратор, 840,47,2021-06-28T15:01:44Z,https://www.wildberries.ru/catalog/31828702/detail.aspx?targetUrl=ST

ИПСтарцев,Биркодержатель, 422,13,2021-05-09T15:13:45Z,https://www.wildberries.ru/catalog/18778690/detail.aspx?targetUrl=ST

Fillony,Биркодержатель, 762,9,2021-02-01T16:41:17Z,https://www.wildberries.ru/catalog/17501086/detail.aspx?targetUrl=ST

Ukid MARKET,Пистолет-маркиратор, 415,145,2019-10-24T20:11:02.239173042Z,https://www.wildberries.ru/catalog/9422267/detail.aspx?targetUrl=ST

Tag&Holders,Биркодержатель, 137,351,2021-03-12T17:27:46Z,https://www.wildberries.ru/catalog/21566742/detail.aspx?targetUrl=ST

FISHROOM,Биркодержатель бейджик/держатель для бейджа/держатель рулетка, 214,206,2021-02-28T09:00:05Z,https://www.wildberries.ru/catalog/18167362/detail.aspx?targetUrl=ST

ИПСтарцев,Биркодержатель, 182,450,2021-01-11T11:07:54Z,https://www.wildberries.ru/catalog/17736899/detail.aspx?targetUrl=ST

Bernard,Биркодержатель, 299,11,2021-06-04T21:13:56Z,https://www.wildberries.ru/catalog/21614827/detail.aspx?targetUrl=ST

ИПСтарцев,Биркодержатель, 186,450,2021-01-11T11:07:54Z,https://www.wildberries.ru/catalog/18778671/detail.aspx?targetUrl=ST

ТермоАктив,Ценник, 169,562,2020-09-30T18:15:07Z,https://www.wildberries.ru/catalog/14897916/detail.aspx?targetUrl=ST

Ago Shop,Биркодержатель, 183,205,2021-05-01T17:43:39Z,https://www.wildberries.ru/catalog/15389456/detail.aspx?targetUrl=ST

АСПЛОМБ,Браслет контрольный, 270,139,2021-06-13T10:22:08Z,https://www.wildberries.ru/catalog/29059597/detail.aspx?targetUrl=ST

Brauberg,Биркодержатель, 295,1009,2020-05-23T06:36:25.380092169Z,https://www.wildberries.ru/catalog/10812877/detail.aspx?targetUrl=ST

TOBEE,Ценник, 198,244,2021-06-05T18:18:06Z,https://www.wildberries.ru/catalog/26132690/detail.aspx?targetUrl=ST

Бирка Веревка,Биркодержатель, 648,71,2021-05-25T08:42:02Z,https://www.wildberries.ru/catalog/27597459/detail.aspx?targetUrl=ST

ИПСтарцев,Биркодержатель, 422,13,2021-05-09T15:13:45Z,https://www.wildberries.ru/catalog/18778697/detail.aspx?targetUrl=ST

Сималенд,Ценник, 129,96,2021-03-06T15:01:38Z,https://www.wildberries.ru/catalog/12710769/detail.aspx?targetUrl=ST

3Way,Ценник, 446,181,2021-03-21T04:37:19Z,https://www.wildberries.ru/catalog/19209396/detail.aspx?targetUrl=ST

VRT,Информационная стойка, 760,93,2021-05-02T13:53:56Z,https://www.wildberries.ru/catalog/16885487/detail.aspx?targetUrl=ST

VRT,Информационная стойка, 902,137,2021-03-05T17:49:03Z,https://www.wildberries.ru/catalog/16885426/detail.aspx?targetUrl=ST

Бирка Веревка,Биркодержатель, 648,71,2021-05-25T08:42:02Z,https://www.wildberries.ru/catalog/27597460/detail.aspx?targetUrl=ST

Меломарк,Ценник, 436,299,2020-12-06T14:42:35Z,https://www.wildberries.ru/catalog/14255493/detail.aspx?targetUrl=ST

Dymo,Пистолет-маркиратор, 569,81,no feedbacks,https://www.wildberries.ru/catalog/18529230/detail.aspx?targetUrl=ST

ИПСтарцев,Биркодержатель, 422,13,2021-05-09T15:13:45Z,https://www.wildberries.ru/catalog/18778695/detail.aspx?targetUrl=ST

Brauberg,Биркодержатель, 351,435,2020-12-13T19:09:23Z,https://www.wildberries.ru/catalog/13816267/detail.aspx?targetUrl=ST

Nafikova,Пистолет-маркиратор, 385,6,no feedbacks,https://www.wildberries.ru/catalog/29333745/detail.aspx?targetUrl=ST

Brauberg,Ценник, 689,446,2021-01-19T08:33:27Z,https://www.wildberries.ru/catalog/13053421/detail.aspx?targetUrl=ST

CROSSSTICKER,Ценник, 203,7,2021-06-04T10:42:56Z,https://www.wildberries.ru/catalog/26513461/detail.aspx?targetUrl=ST

ЦветМолл,Биркодержатель, 690,360,2020-11-05T15:49:44Z,https://www.wildberries.ru/catalog/15219541/detail.aspx?targetUrl=ST

Brauberg,Ценник, 178,648,2020-11-03T12:00:11Z,https://www.wildberries.ru/catalog/12672684/detail.aspx?targetUrl=ST

Меломарк,Ценник, 197,533,2020-11-21T16:15:35Z,https://www.wildberries.ru/catalog/16245768/detail.aspx?targetUrl=ST

Brauberg,Биркодержатель, 375,875,2020-05-02T08:31:29.807838259Z,https://www.wildberries.ru/catalog/10812879/detail.aspx?targetUrl=ST

Brauberg,Биркодержатель, 295,265,2020-10-07T19:36:16Z,https://www.wildberries.ru/catalog/10986402/detail.aspx?targetUrl=ST

Меломарк,Ценник, 289,421,2020-11-06T23:30:19Z,https://www.wildberries.ru/catalog/15426891/detail.aspx?targetUrl=ST

Меломарк,Ценник, 477,452,2020-12-14T13:28:13Z,https://www.wildberries.ru/catalog/15426892/detail.aspx?targetUrl=ST

Tag&Holders,Биркодержатель, 140,351,2021-03-12T17:27:46Z,https://www.wildberries.ru/catalog/20860499/detail.aspx?targetUrl=ST

B&L,Биркодержатель, 366,27,no feedbacks,https://www.wildberries.ru/catalog/33273796/detail.aspx?targetUrl=ST

Dymo,Пистолет-маркиратор, 1 422,23,no feedbacks,https://www.wildberries.ru/catalog/18526054/detail.aspx?targetUrl=ST

Calligrata,Ценник, 180,74,2021-03-13T18:45:36Z,https://www.wildberries.ru/catalog/12209678/detail.aspx?targetUrl=ST

Velar,Ценник, 294,50,2021-06-16T13:30:09Z,https://www.wildberries.ru/catalog/21058782/detail.aspx?targetUrl=ST

STAFF,Ценник, 113,425,2021-02-11T12:58:09Z,https://www.wildberries.ru/catalog/13364171/detail.aspx?targetUrl=ST

Brauberg,Ценник, 234,1069,2020-09-11T18:46:30Z,https://www.wildberries.ru/catalog/11127825/detail.aspx?targetUrl=ST

АЙРИС,Пистолет-маркиратор, 433,39,2021-06-14T07:41:51Z,https://www.wildberries.ru/catalog/26229095/detail.aspx?targetUrl=ST

Brauberg,Пистолет-маркиратор, 335,165,2020-09-14T05:21:27Z,https://www.wildberries.ru/catalog/11721892/detail.aspx?targetUrl=ST

ChalkShop,Ценник, 1 105,12,2021-06-16T13:00:35Z,https://www.wildberries.ru/catalog/15813208/detail.aspx?targetUrl=ST

Brauberg,Пистолет-маркиратор, 1 141,153,2020-10-15T05:37:43Z,https://www.wildberries.ru/catalog/13816260/detail.aspx?targetUrl=ST

ИПСтарцев,Биркодержатель, 182,450,2021-01-11T11:07:54Z,https://www.wildberries.ru/catalog/17736900/detail.aspx?targetUrl=ST

Dymo,Пистолет-маркиратор, 507,65,2021-06-08T21:49:39Z,https://www.wildberries.ru/catalog/18529232/detail.aspx?targetUrl=ST

Меломарк,Ценник, 327,284,2020-11-08T13:13:15Z,https://www.wildberries.ru/catalog/14086090/detail.aspx?targetUrl=ST

VRT,Ценник, 1 011,5,no feedbacks,https://www.wildberries.ru/catalog/26281293/detail.aspx?targetUrl=ST

Velar,Ценник, 582,92,2021-05-21T05:40:12Z,https://www.wildberries.ru/catalog/21056690/detail.aspx?targetUrl=ST

Nicom,Биркодержатель, 498,172,2021-04-13T21:06:19Z,https://www.wildberries.ru/catalog/16522266/detail.aspx?targetUrl=ST

Nicom,Биркодержатель, 345,33,no feedbacks,https://www.wildberries.ru/catalog/29281320/detail.aspx?targetUrl=ST

Меломарк,Ценник, 229,304,2021-05-20T19:40:57Z,https://www.wildberries.ru/catalog/14704341/detail.aspx?targetUrl=ST

VRT,Ценник, 886,16,no feedbacks,https://www.wildberries.ru/catalog/26281294/detail.aspx?targetUrl=ST

Меломарк,Ценник, 218,1269,2020-12-14T20:42:19Z,https://www.wildberries.ru/catalog/14704340/detail.aspx?targetUrl=ST

STAFF,Пистолет-маркиратор, 752,503,2020-09-12T07:18:35Z,https://www.wildberries.ru/catalog/13816266/detail.aspx?targetUrl=ST

GOODS FOR YOU,Пистолет-маркиратор, 573,11,2021-07-24T16:51:23Z,https://www.wildberries.ru/catalog/27497309/detail.aspx?targetUrl=ST

ChalkShop,Ценник, 1 190,11,2021-06-16T12:57:53Z,https://www.wildberries.ru/catalog/15813206/detail.aspx?targetUrl=ST

Brauberg,Ценник, 184,648,2020-11-03T12:00:11Z,https://www.wildberries.ru/catalog/12672686/detail.aspx?targetUrl=ST

Brauberg,Ценник, 206,188,2020-09-10T08:14:12Z,https://www.wildberries.ru/catalog/12672681/detail.aspx?targetUrl=ST

Ш-Пулька,Биркодержатель биркодержатель веревочный, 660,145,2021-04-20T13:39:24Z,https://www.wildberries.ru/catalog/26057588/detail.aspx?targetUrl=ST

А М Дизайн,Ценник, 212,312,2020-10-08T07:08:32Z,https://www.wildberries.ru/catalog/15158605/detail.aspx?targetUrl=ST

Меломарк,Ценник, 244,975,2020-11-30T18:20:45Z,https://www.wildberries.ru/catalog/15426893/detail.aspx?targetUrl=ST

Bernard,Биркодержатель, 286,53,2021-05-30T17:03:37Z,https://www.wildberries.ru/catalog/21614808/detail.aspx?targetUrl=ST

Calligrata,Ценник, 265,134,no feedbacks,https://www.wildberries.ru/catalog/12209308/detail.aspx?targetUrl=ST

Brauberg,Ценник, 217,188,2020-09-10T08:14:12Z,https://www.wildberries.ru/catalog/12672683/detail.aspx?targetUrl=ST

Velar,Ценник, 330,63,2021-06-25T17:31:17Z,https://www.wildberries.ru/catalog/21057665/detail.aspx?targetUrl=ST

B&L,Ценник, 271,50,no feedbacks,https://www.wildberries.ru/catalog/26178381/detail.aspx?targetUrl=ST

VRT,Информационная стойка, 760,19,2021-03-07T17:58:54Z,https://www.wildberries.ru/catalog/16885486/detail.aspx?targetUrl=ST

Brauberg,Пистолет-маркиратор, 1 027,60,2021-04-28T16:44:15Z,https://www.wildberries.ru/catalog/13816261/detail.aspx?targetUrl=ST

Drevolabus,Ценник, 469,23,no feedbacks,https://www.wildberries.ru/catalog/27297771/detail.aspx?targetUrl=ST

Office space,Биркодержатель, 312,267,2020-10-07T09:29:28Z,https://www.wildberries.ru/catalog/12793840/detail.aspx?targetUrl=ST

Bernard,Биркодержатель, 292,61,2021-03-30T20:27:26Z,https://www.wildberries.ru/catalog/21614821/detail.aspx?targetUrl=ST

VRT,Ценник, 395,27,no feedbacks,https://www.wildberries.ru/catalog/26281292/detail.aspx?targetUrl=ST

VRT,Информационная стойка, 930,12,no feedbacks,https://www.wildberries.ru/catalog/26420964/detail.aspx?targetUrl=ST

STABILO,Карандаш, 412,3079,2018-07-23T19:28:06.920611204Z,https://www.wildberries.ru/catalog/5600481/detail.aspx?targetUrl=ST

Berlingo,Карандаш, 155,1036,2021-03-03T13:42:12Z,https://www.wildberries.ru/catalog/18950757/detail.aspx?targetUrl=ST

DELI,Карандаш, 754,560,2020-07-14T11:38:42.314704868Z,https://www.wildberries.ru/catalog/12205497/detail.aspx?targetUrl=ST

Berlingo,Карандаш, 140,960,2021-05-11T13:55:12Z,https://www.wildberries.ru/catalog/17309009/detail.aspx?targetUrl=ST

BIC,Карандаш, 231,1721,2018-12-05T15:30:34.290177027Z,https://www.wildberries.ru/catalog/6144986/detail.aspx?targetUrl=ST

Berlingo,Карандаш, 157,1036,2021-03-03T13:42:12Z,https://www.wildberries.ru/catalog/19253805/detail.aspx?targetUrl=ST

Berlingo,Карандаш, 191,1348,2021-01-31T11:56:03Z,https://www.wildberries.ru/catalog/16464500/detail.aspx?targetUrl=ST

Kite,Карандаш, 243,1527,2019-01-31T18:30:53.148362814Z,https://www.wildberries.ru/catalog/6696273/detail.aspx?targetUrl=ST

STABILO,Карандаш, 897,1166,2018-08-26T14:59:33.215668058Z,https://www.wildberries.ru/catalog/5600482/detail.aspx?targetUrl=ST

Berlingo,Карандаш, 272,2255,2020-06-12T19:22:40.861629604Z,https://www.wildberries.ru/catalog/11305581/detail.aspx?targetUrl=ST

Berlingo,Карандаш, 249,2213,2020-06-03T18:11:22.513221793Z,https://www.wildberries.ru/catalog/11305577/detail.aspx?targetUrl=ST

Профи-Арт,Карандаш, 189,556,2020-08-28T06:01:56Z,https://www.wildberries.ru/catalog/12603043/detail.aspx?targetUrl=ST

STAEDTLER,Циркуль, 420,767,2021-02-13T10:21:05Z,https://www.wildberries.ru/catalog/9000565/detail.aspx?targetUrl=ST

Berlingo,Карандаш, 330,3403,2020-06-07T03:12:56.252035418Z,https://www.wildberries.ru/catalog/11305586/detail.aspx?targetUrl=ST

Evrika-Online,Чертежная доска, 725,8133,2020-07-02T15:26:12.73219704Z,https://www.wildberries.ru/catalog/11961185/detail.aspx?targetUrl=ST

Evrika-Online,Чертежная доска, 466,11386,2020-07-03T14:22:48.84822656Z,https://www.wildberries.ru/catalog/13136963/detail.aspx?targetUrl=ST

Fila.,Карандаш, 328,4092,2016-04-04T12:39:57+03:00,https://www.wildberries.ru/catalog/2767029/detail.aspx?targetUrl=ST

BIC,Карандаш, 169,9675,2018-12-05T15:31:20.96367142Z,https://www.wildberries.ru/catalog/4404888/detail.aspx?targetUrl=ST

INTELLIGENT,Карандаш, 178,6445,2020-05-20T22:16:09.388901773Z,https://www.wildberries.ru/catalog/12100424/detail.aspx?targetUrl=ST

Berlingo,Карандаш, 150,363,2021-04-19T16:41:23Z,https://www.wildberries.ru/catalog/18945769/detail.aspx?targetUrl=ST

deVENTE,Карандаш, 1 008,172,2021-01-23T16:39:12Z,https://www.wildberries.ru/catalog/18382122/detail.aspx?targetUrl=ST

Малевичъ,Тубус, 827,759,2018-11-04T17:05:42.193296303Z,https://www.wildberries.ru/catalog/6376167/detail.aspx?targetUrl=ST

Faber-Castell,Карандаш, 421,3241,2017-01-05T00:20:50+03:00,https://www.wildberries.ru/catalog/3544425/detail.aspx?targetUrl=ST

Карандашная Фабрика ВКФ,Карандаш, 553,4467,2020-08-13T12:08:00Z,https://www.wildberries.ru/catalog/12808219/detail.aspx?targetUrl=ST

Юнландия,Линейка, 134,2822,2020-07-24T14:35:55.433420124Z,https://www.wildberries.ru/catalog/13150061/detail.aspx?targetUrl=ST

Brauberg,Карандаш, 190,1296,2021-03-22T15:58:09Z,https://www.wildberries.ru/catalog/19941932/detail.aspx?targetUrl=ST

BIC,Карандаш, 339,401,2019-03-01T12:31:19.789629893Z,https://www.wildberries.ru/catalog/6403610/detail.aspx?targetUrl=ST

Орландо,Линейка, 199,1184,2020-06-28T14:13:39.139496644Z,https://www.wildberries.ru/catalog/12765536/detail.aspx?targetUrl=ST

Малевичъ,Карандаш, 556,2489,2020-01-28T10:53:56.576004804Z,https://www.wildberries.ru/catalog/10691432/detail.aspx?targetUrl=ST

Carioca,Карандаш, 223,93,2021-04-03T07:32:55Z,https://www.wildberries.ru/catalog/21271228/detail.aspx?targetUrl=ST

STABILO,Карандаш, 1 080,666,2017-03-17T13:13:28+03:00,https://www.wildberries.ru/catalog/2135319/detail.aspx?targetUrl=ST

Fila.,Карандаш, 221,24036,2016-03-28T16:09:06+03:00,https://www.wildberries.ru/catalog/2767031/detail.aspx?targetUrl=ST

Каляка-Маляка,Карандаш, 195,4885,2020-01-07T14:27:14.077936107Z,https://www.wildberries.ru/catalog/10258594/detail.aspx?targetUrl=ST

Brauberg,Карандаш, 169,1254,2021-03-31T04:43:04Z,https://www.wildberries.ru/catalog/18660050/detail.aspx?targetUrl=ST

Lego.,Карандаш механический, 489,470,2020-08-29T14:14:23Z,https://www.wildberries.ru/catalog/10666884/detail.aspx?targetUrl=ST

GLOBUS,Готовальня, 441,222,2020-09-10T10:43:49Z,https://www.wildberries.ru/catalog/14330957/detail.aspx?targetUrl=ST

Faber-Castell,Карандаш, 1 108,775,2020-05-08T12:29:16.868332722Z,https://www.wildberries.ru/catalog/4171451/detail.aspx?targetUrl=ST

Evrika-Online,Чертежная доска, 294,8033,2020-06-29T20:43:31.422765789Z,https://www.wildberries.ru/catalog/12882810/detail.aspx?targetUrl=ST

ErichKrause,Карандаш, 172,1584,2020-05-25T12:22:01.777647295Z,https://www.wildberries.ru/catalog/11960873/detail.aspx?targetUrl=ST

JOVI,Карандаш, 245,774,2018-08-12T11:33:00.33135348Z,https://www.wildberries.ru/catalog/4196429/detail.aspx?targetUrl=ST

ЭЙФОРД,Карандаш, 398,60,no feedbacks,https://www.wildberries.ru/catalog/24805433/detail.aspx?targetUrl=ST

Maped,Карандаш, 295,548,2020-08-05T20:11:40Z,https://www.wildberries.ru/catalog/10342836/detail.aspx?targetUrl=ST

Maped,Карандаш, 484,598,2020-08-19T18:09:22Z,https://www.wildberries.ru/catalog/12076829/detail.aspx?targetUrl=ST

deVENTE,Карандаш, 661,153,2021-01-27T04:18:47Z,https://www.wildberries.ru/catalog/18382121/detail.aspx?targetUrl=ST

Faber-Castell,Карандаш, 1 140,916,2020-06-24T18:59:08.259383131Z,https://www.wildberries.ru/catalog/3865391/detail.aspx?targetUrl=ST

Brauberg,Карандаш, 161,107,2020-04-17T12:41:52.900142094Z,https://www.wildberries.ru/catalog/11212452/detail.aspx?targetUrl=ST

Brauberg,Карандаш, 129,886,2021-04-26T16:48:16Z,https://www.wildberries.ru/catalog/18660049/detail.aspx?targetUrl=ST

ErichKrause,Карандаш, 309,670,2020-07-19T19:29:18.413035079Z,https://www.wildberries.ru/catalog/11960871/detail.aspx?targetUrl=ST

Maped,Карандаш, 271,3048,2015-08-05T21:03:26+03:00,https://www.wildberries.ru/catalog/2135253/detail.aspx?targetUrl=ST

Evrika-Online,Чертежная доска, 829,1498,2020-08-14T05:59:50Z,https://www.wildberries.ru/catalog/13307889/detail.aspx?targetUrl=ST

Brauberg,Карандаш, 342,749,2021-04-04T06:54:18Z,https://www.wildberries.ru/catalog/19954141/detail.aspx?targetUrl=ST

BIC,Карандаш, 319,2202,2018-06-18T08:38:19.149403425Z,https://www.wildberries.ru/catalog/666155/detail.aspx?targetUrl=ST

Мульти-Пульти.,Карандаш, 145,3501,2019-02-03T16:56:02.240651013Z,https://www.wildberries.ru/catalog/6454660/detail.aspx?targetUrl=ST

Koh-i-Noor,Карандаш, 385,19,no feedbacks,https://www.wildberries.ru/catalog/19867580/detail.aspx?targetUrl=ST

Maped,Карандаш, 146,6281,2015-07-02T20:58:02+03:00,https://www.wildberries.ru/catalog/2135251/detail.aspx?targetUrl=ST

Профи-Арт,Карандаш, 287,147,2020-07-20T10:19:35.876694115Z,https://www.wildberries.ru/catalog/12603039/detail.aspx?targetUrl=ST

BE SMART,Карандаш, 194,88,2020-07-28T14:09:00.8333769Z,https://www.wildberries.ru/catalog/12759443/detail.aspx?targetUrl=ST

Evrika-Online,Чертежная доска, 1 266,1016,2020-11-20T06:54:37Z,https://www.wildberries.ru/catalog/16029742/detail.aspx?targetUrl=ST

deVENTE,Карандаш, 418,2809,2019-12-29T20:58:45.46193407Z,https://www.wildberries.ru/catalog/9899057/detail.aspx?targetUrl=ST

Berlingo,Карандаш, 267,101,2020-10-26T13:19:05Z,https://www.wildberries.ru/catalog/13098736/detail.aspx?targetUrl=ST

Гамма..,Карандаш, 280,2140,2019-10-04T13:05:09.929218715Z,https://www.wildberries.ru/catalog/8948586/detail.aspx?targetUrl=ST

Koh-i-Noor,Карандаш, 327,1579,2020-05-06T13:46:59.638892086Z,https://www.wildberries.ru/catalog/10945464/detail.aspx?targetUrl=ST

STAEDTLER,Циркуль, 439,293,2020-09-30T12:38:39Z,https://www.wildberries.ru/catalog/22077965/detail.aspx?targetUrl=ST

ArtBerry,Карандаш, 279,743,2019-11-26T17:50:32.935081989Z,https://www.wildberries.ru/catalog/9070104/detail.aspx?targetUrl=ST

BG,Карандаш, 159,7557,2020-07-15T19:40:26.025046217Z,https://www.wildberries.ru/catalog/12815128/detail.aspx?targetUrl=ST

Сонет,Карандаш, 661,78,2021-03-15T09:33:22Z,https://www.wildberries.ru/catalog/15405017/detail.aspx?targetUrl=ST

STAEDTLER,Линейка, 309,645,2020-08-26T18:01:45Z,https://www.wildberries.ru/catalog/11144015/detail.aspx?targetUrl=ST

Белые ночи,Карандаш, 1 233,107,2021-01-07T07:54:47Z,https://www.wildberries.ru/catalog/16034713/detail.aspx?targetUrl=ST

ErichKrause,Карандаш, 443,347,2020-09-28T19:26:22Z,https://www.wildberries.ru/catalog/11960890/detail.aspx?targetUrl=ST

Гамма..,Карандаш, 366,2172,2020-03-23T14:32:32.205107833Z,https://www.wildberries.ru/catalog/7595203/detail.aspx?targetUrl=ST

BIC,Карандаш, 405,6753,2017-10-18T10:52:33.215+03:00,https://www.wildberries.ru/catalog/4404909/detail.aspx?targetUrl=ST

Maped,Карандаш, 524,1361,2015-07-10T21:20:57+03:00,https://www.wildberries.ru/catalog/2135429/detail.aspx?targetUrl=ST

STAEDTLER,Карандаш механический, 452,1513,2019-11-16T19:26:00.449325298Z,https://www.wildberries.ru/catalog/7487206/detail.aspx?targetUrl=ST

Brauberg,Карандаш, 144,894,2021-03-18T08:39:05Z,https://www.wildberries.ru/catalog/19941938/detail.aspx?targetUrl=ST

ErichKrause,Карандаш, 592,202,2020-04-21T15:11:50.683887365Z,https://www.wildberries.ru/catalog/9657137/detail.aspx?targetUrl=ST

Профи-Арт,Карандаш, 226,77,2021-03-17T10:26:21Z,https://www.wildberries.ru/catalog/13284506/detail.aspx?targetUrl=ST

Jango,Карандаш, 129,36,2021-07-17T12:30:41Z,https://www.wildberries.ru/catalog/29945267/detail.aspx?targetUrl=ST

Evrika-Online,Чертежная доска, 384,2585,2020-07-08T10:27:54.205489356Z,https://www.wildberries.ru/catalog/13136962/detail.aspx?targetUrl=ST

Shenzhen Toys and Craft,Карандаш, 372,1062,2020-07-13T08:34:33.980707733Z,https://www.wildberries.ru/catalog/13188473/detail.aspx?targetUrl=ST

Evrika-Online,Чертежная доска, 628,2295,2020-07-14T13:14:37.840849207Z,https://www.wildberries.ru/catalog/13136964/detail.aspx?targetUrl=ST

Maped,Карандаш, 192,1750,2019-09-20T11:19:46.366384108Z,https://www.wildberries.ru/catalog/8697108/detail.aspx?targetUrl=ST

Penac,Карандаш механический, 377,70,2021-03-13T08:36:28Z,https://www.wildberries.ru/catalog/16789857/detail.aspx?targetUrl=ST

OFFICE+,Тубус, 369,1952,2020-01-23T13:31:33.851631005Z,https://www.wildberries.ru/catalog/10440514/detail.aspx?targetUrl=ST

Гамма..,Карандаш, 542,1439,2019-10-16T11:43:29.749499025Z,https://www.wildberries.ru/catalog/8948574/detail.aspx?targetUrl=ST

BIC,Карандаш, 203,1322,2018-11-22T12:43:55.77350537Z,https://www.wildberries.ru/catalog/4404911/detail.aspx?targetUrl=ST

STAEDTLER,Линейка, 348,572,2020-03-06T11:46:48.923113906Z,https://www.wildberries.ru/catalog/11144016/detail.aspx?targetUrl=ST

Малевичъ,Карандаш, 812,127,2020-04-17T14:20:05.371234927Z,https://www.wildberries.ru/catalog/10088160/detail.aspx?targetUrl=ST

Berlingo,Карандаш, 316,581,2020-06-08T14:59:16.327034363Z,https://www.wildberries.ru/catalog/11305582/detail.aspx?targetUrl=ST

Attache,Карандаш, 187,840,2021-01-20T11:30:26Z,https://www.wildberries.ru/catalog/16783993/detail.aspx?targetUrl=ST

ErichKrause,Циркуль, 440,152,2020-08-30T11:41:11Z,https://www.wildberries.ru/catalog/14195736/detail.aspx?targetUrl=ST

Профи-Арт,Карандаш, 226,187,2020-09-30T05:50:54Z,https://www.wildberries.ru/catalog/12483865/detail.aspx?targetUrl=ST

Derwent,Карандаш, 1 340,295,2019-03-30T15:29:52.827593313Z,https://www.wildberries.ru/catalog/4799097/detail.aspx?targetUrl=ST

Profit.,Карандаш, 125,276,2021-07-19T18:29:44Z,https://www.wildberries.ru/catalog/34418503/detail.aspx?targetUrl=ST

Maped,Карандаш, 193,749,2021-03-09T18:10:28Z,https://www.wildberries.ru/catalog/18106499/detail.aspx?targetUrl=ST

STAEDTLER,Карандаш, 1 309,410,2019-10-19T11:50:25.788229143Z,https://www.wildberries.ru/catalog/8775526/detail.aspx?targetUrl=ST

Penac,Карандаш механический, 325,1086,2019-08-21T13:36:06.706533212Z,https://www.wildberries.ru/catalog/5704953/detail.aspx?targetUrl=ST

DELI,Карандаш, 695,1278,2020-05-12T09:01:55.534117739Z,https://www.wildberries.ru/catalog/12205495/detail.aspx?targetUrl=ST

BG,Карандаш, 156,319,2021-06-21T14:35:33Z,https://www.wildberries.ru/catalog/25986879/detail.aspx?targetUrl=ST

Berlingo,Карандаш, 142,445,2021-06-18T19:00:36Z,https://www.wildberries.ru/catalog/17308967/detail.aspx?targetUrl=ST

Гамма..,Карандаш, 887,1563,2020-01-01T09:11:17.625277773Z,https://www.wildberries.ru/catalog/9138673/detail.aspx?targetUrl=ST
